USAF,STATION_NAME,COUNTRY,LATITUDE,LONGITUDE,ELEVATION,TIMEZONE,ALIAS(ENG),ALIAS(CH),COMMENTS
014920,OSLO-BLINDERN                  ,NORWAY                 ,59.95,10.717,97,1,OSLO,奥斯陆,
020440,KIRUNA                         ,SWEDEN                 ,67.822,20.337,459.6,1,KIRUNA                         ,基律纳,
024850,STOCKHOLM                      ,SWEDEN                 ,59.35,18.067,52,1,STOCKHOLM                      ,斯德哥尔摩,
028450,ROVANIEMI                      ,FINLAND                ,66.565,25.83,196.6,2,ROVANIEMI                      ,罗瓦涅米,
028640,KEMI TORNIO                    ,FINLAND                ,65.782,24.599,18.6,2,KEMI,凯米,
029750,HELSINKI MALMI                 ,FINLAND                ,60.255,25.043,17.4,2,HELSINKI,赫尔辛基,
061800,KASTRUP                        ,DENMARK                ,55.618,12.656,5.2,1,COPENHAGEN,哥本哈根,
501360,MOHE                           ,CHINA                  ,52.967,122.533,438,8,MOHE                           ,漠河,
505270,HAILAR                         ,CHINA                  ,49.25,119.7,650,8,HAILAR                         ,海拉尔,
534870,DATONG                         ,CHINA                  ,40.083,113.417,1054,8,DATONG                         ,大同,
544970,DANDONG                        ,CHINA                  ,40.05,124.333,14,8,DANDONG                        ,丹东,
546620,ZHOUSHUIZI                     ,CHINA                  ,38.966,121.539,32.6,8,DALIAN,大连,
062400,SCHIPHOL                       ,NETHERLANDS            ,52.309,4.764,-3.4,1,AMSTERDAM,阿姆斯特丹,
071560,PARIS-MONTSOURIS               ,FRANCE                 ,48.817,2.333,77,1,PARIS,巴黎,
075100,MERIGNAC                       ,FRANCE                 ,44.828,-0.716,49.4,1,BORDEAUX,波尔多,
076500,PROVENCE                       ,FRANCE                 ,43.436,5.214,22.6,1,MARSEILLE,马赛,
085360,LISBOA                         ,PORTUGAL               ,38.781,-9.136,114,2,LISBOA                         ,里斯本,
108660,MUNCHEN                        ,GERMANY                ,48.354,11.786,453.2,1,MUNCHEN                        ,慕尼黑,
160800,LINATE                         ,ITALY                  ,45.445,9.277,107.6,1,MILAN,米兰,
010080,LONGYEAR                       ,SVALBARD               ,78.246,15.466,26.8,1,LONGYEARBYEN,朗伊尔城,
010250,TROMSO                         ,NORWAY                 ,69.683,18.919,9.4,1,TROMSO                         ,特罗姆瑟,
040300,REYKJAVIK                      ,ICELAND                ,64.13,-21.941,14.6,0,REYKJAVIK                      ,雷克雅未克,
042850,ANGISOQ                        ,GREENLAND              ,59.983,-45.2,16,-3,ANGISOQ                        ,,
043010,KAP MORRIS JESUP               ,GREENLAND              ,83.65,-33.367,4,-3,KAP MORRIS JESUP               ,,
043120,STATION NORD AWS               ,GREENLAND              ,81.6,-16.65,36,-3,STATION NORD AWS               ,,
043300,DANEBORG (AUT)                 ,GREENLAND              ,74.3,-20.217,44,-3,DANEBORG (AUT)                 ,,
043390,SCORESBYSUND                   ,GREENLAND              ,70.483,-21.95,69,-3,SCORESBYSUND                   ,,
044160,SUMMIT                         ,GREENLAND              ,72.583,-38.45,3207,-3,SUMMIT                         ,,
545110,BEIJING - CAPITAL INTERNATIONA ,CHINA                  ,40.08,116.585,35.4,8,BEIJING,北京,
545270,TIANJIN                        ,CHINA                  ,39.1,117.167,5,8,TIANJIN                        ,天津,
548230,JINAN/TSINAN                   ,CHINA                  ,36.683,116.983,58,8,JINAN                 ,济南,
548570,LIUTING                        ,CHINA                  ,36.266,120.374,10.1,8,QINGDAO,青岛,
549450,RIZHAO                         ,CHINA                  ,35.433,119.533,37,8,RIZHAO,日照,
570830,XINZHENG                       ,CHINA                  ,34.52,113.841,150.9,8,ZHENGZHOU,郑州,
580270,XUZHOU                         ,CHINA                  ,34.283,117.15,42,8,XUZHOU                         ,徐州,
066700,ZURICH                         ,SWITZERLAND            ,47.465,8.549,431.6,1,ZURICH                         ,苏黎世,
110350,WIEN/HOHE WARTE                ,AUSTRIA                ,48.25,16.367,200,1,VIENNA,维也纳,
115190,PRAHA-KARLOV / KLEMENTINUM     ,CZECH REPUBLIC         ,50.067,14.433,254,1,PRAGUE,布拉格,
128430,BUDAPEST/PESTSZENTLORINC       ,HUNGARY                ,47.433,19.183,139,1,BUDAPEST,布达佩斯,
132720,BEOGRAD                        ,SERBIA                 ,44.818,20.309,102.1,1,BEOGRAD                        ,贝尔格莱德,
133530,SARAJEVO                       ,BOSNIA AND HERZEGOVINA ,43.825,18.331,520.6,1,SARAJEVO                       ,萨拉热窝,
142410,ZAGREB                         ,CROATIA                ,45.743,16.069,107.6,1,ZAGREB                         ,萨格勒布,
467400,KAOHSIUNG INTL                 ,TAIWAN                 ,22.577,120.35,7.9,8,GAOXIONG,高雄,
470580,PYONGYANG INTL                 ,"KOREA, NORTH           ",39.224,125.67,35.7,9,PYONGYANG,平壤,
471080,SEOUL CITY                     ,"KOREA, SOUTH           ",37.567,126.967,87,9,SEOUL,首尔,
471840,JEJU                           ,"KOREA, SOUTH           ",33.517,126.533,23,9,JEJU,济州岛,
547630,YANTAI                         ,CHINA                  ,37.55,121.4,25,8,YANTAI                         ,烟台,
547760,CHENGSHANTOU                   ,CHINA                  ,37.4,122.683,47,8,CHENGSHANTOU                   ,成山头,
586590,WENZHOU                        ,CHINA                  ,28.017,120.667,7,8,WENZHOU                        ,温州,
599480,SANYA                          ,CHINA                  ,18.217,109.583,7,8,SANYA                          ,三亚,
599950,YONGSHUJIAO                    ,CHINA                  ,9.533,112.883,6,8,YONGSHUJIAO                    ,永暑礁,
599970,NANSHA DAO                     ,CHINA                  ,10.383,114.367,5,8,NANSHADAO                     ,南沙岛,
103820,TEGEL                          ,GERMANY                ,52.56,13.288,37.2,1,BERLIN,柏林,
160590,TORINO CASELLE                 ,ITALY                  ,45.201,7.65,301.4,1,TORINO,都灵,
161050,VENEZIA TESSERA                ,ITALY                  ,45.505,12.352,2.1,1,VENICE,威尼斯,
162350,URBE                           ,ITALY                  ,41.952,12.499,16.8,1,ROME,罗马,
474120,SAPPORO                        ,JAPAN                  ,43.067,141.333,26.2,9,SAPPORO                        ,札幌,
475900,SENDAI                         ,JAPAN                  ,38.267,140.9,43.8,9,SENDAI                         ,仙台,
476040,NIIGATA                        ,JAPAN                  ,37.9,139.017,5.7,9,NIIGATA                        ,新泻,
476350,NAGOYA                         ,JAPAN                  ,35.255,136.924,15.8,9,NAGOYA                         ,名古屋,
476620,TOKYO                          ,JAPAN                  ,35.683,139.767,36,9,TOKYO                          ,东京,
477650,HIROSHIMA                      ,JAPAN                  ,34.4,132.467,54,9,HIROSHIMA                      ,广岛,
477720,OSAKA                          ,JAPAN                  ,34.683,135.517,83,9,OSAKA                          ,大阪,
478190,KUMAMOTO                       ,JAPAN                  ,32.817,130.7,39.4,9,KUMAMOTO                       ,熊本,
479300,NAHA                           ,JAPAN                  ,26.196,127.646,3.7,9,NAHA                           ,那霸,
509530,HARBIN                         ,CHINA                  ,45.933,126.567,117.7,8,HAERBIN,哈尔滨,
541610,LONGJIA                        ,CHINA                  ,43.996,125.681,215.2,8,CHANGCHUN,长春,
543420,SHENYANG                       ,CHINA                  ,41.733,123.517,43,8,SHENYANG                       ,沈阳,
589680,TAIBEI                         ,CHINA                  ,25.033,121.517,9,8,TAIBEI                         ,台北,
594310,WUXU                           ,CHINA                  ,22.608,108.172,128.3,8,NANNING,南宁,
597580,HAIKOU                         ,CHINA                  ,20,110.25,24,8,HAIKOU,海口,
514630,WU LU MU QI                    ,CHINA                  ,43.783,87.617,919,8,WULUMUQI,乌鲁木齐,
528660,XINING                         ,CHINA                  ,36.617,101.767,2262,8,XINING,西宁,
528890,LANZHOU                        ,CHINA                  ,36.05,103.883,1518,8,LANZHOU                        ,兰州,
536140,YINCHUAN                       ,CHINA                  ,38.483,106.217,1112,8,YINCHUAN                       ,银川,
537720,WUSU                           ,CHINA                  ,37.747,112.628,784.9,8,TAIYUAN,太原,
555910,LHASA                          ,CHINA                  ,29.667,91.133,3650,8,LHASA                          ,拉萨,
031600,EDINBURGH                      ,UNITED KINGDOM         ,55.95,-3.373,41.1,0,EDINBURGH                      ,爱丁堡,
033340,MANCHESTER                     ,UNITED KINGDOM         ,53.354,-2.275,78.3,0,MANCHESTER                     ,曼彻斯特,
035340,BIRMINGHAM                     ,UNITED KINGDOM         ,52.454,-1.748,99.7,0,BIRMINGHAM                     ,伯明翰,
037683,CITY                           ,UNITED KINGDOM         ,51.505,0.055,5.8,0,LONDON,伦敦,
038270,PLYMOUTH/MOUNTBATTE            ,UNITED KINGDOM         ,50.35,-4.117,27,0,PLYMOUTH,普利茅斯,
510530,KABA HE                        ,CHINA                  ,48.05,86.35,534,8,KABAHE                        ,哈巴河,
515730,TURPAN                         ,CHINA                  ,42.95,89.233,39.3,8,TULUFAN,吐鲁番,
517090,KASHI                          ,CHINA                  ,39.543,76.02,1380.4,8,KASHI                          ,喀什,
528180,GOLMUD                         ,CHINA                  ,36.417,94.9,2809,8,GEERMU,格尔木,
555780,XIGAZE                         ,CHINA                  ,29.25,88.883,3837,8,RIKAZE,日喀则,
563120,NYINGCHI                       ,CHINA                  ,29.567,94.467,3001,8,LINZHI,林芝,
565710,XICHANG                        ,CHINA                  ,27.9,102.267,1599,8,XICHANG,西昌,
566710,HUILI                          ,CHINA                  ,26.65,102.25,1788,8,HUILI                          ,会理,
567390,TENGCHONG                      ,CHINA                  ,24.983,98.5,1696.9,8,TENGCHONG                      ,腾冲,
567510,DALI                           ,CHINA                  ,25.7,100.183,1992,8,DALI                           ,大理,
569690,MENGLA                         ,CHINA                  ,21.5,101.583,633,8,MENGLA                         ,勐腊,
450070,HONG KONG INTL                 ,HONG KONG              ,22.309,113.915,8.5,8,XIANGGANG,香港,
562940,SHUANGLIU                      ,CHINA                  ,30.579,103.947,495.3,8,CHENGDU,成都,
567780,WUJIABA                        ,CHINA                  ,24.992,102.744,1894.9,8,KUNMING,昆明,
570360,XIANYANG                       ,CHINA                  ,34.447,108.752,479.1,8,XI'AN,西安,
574940,TIANHE                         ,CHINA                  ,30.784,114.208,34.4,8,WUHAN,武汉,
575160,JIANGBEI                       ,CHINA                  ,29.719,106.642,416.1,8,CHONGQING,重庆,
578160,LONGDONGBAO                    ,CHINA                  ,26.539,106.801,1138.7,8,GUIYANG,贵阳,
582380,LUKOU                          ,CHINA                  ,31.742,118.862,14.9,8,NANJING,南京,
583670,HONGQIAO INTL                  ,CHINA                  ,31.198,121.336,3,8,SHANGHAI,上海,
584570,XIAOSHAN                       ,CHINA                  ,30.228,120.432,7,8,HANGZHOU,杭州,
586060,CHANGBEI INTL                  ,CHINA                  ,28.865,115.9,43.6,8,NANCHANG,南昌,
588470,CHANGLE                        ,CHINA                  ,25.935,119.663,14,8,FUZHOU,福州,
591340,GAOQI                          ,CHINA                  ,24.544,118.128,18,8,XIAMEN,厦门,
592870,BAIYUN INTL                    ,CHINA                  ,23.392,113.299,15.2,8,GUANGZHOU,广州,
592871,HUANGHUA                       ,CHINA                  ,28.189,113.22,66.1,8,CHANGSHA,长沙,
039690,DUBLIN                         ,IRELAND                ,53.421,-6.27,73.8,0,DUBLIN                         ,都柏林,
070150,LESQUIN                        ,FRANCE                 ,50.562,3.089,47.9,1,LESQUIN,里尔,
084950,GIBRALTAR                      ,GIBRALTAR              ,36.151,-5.35,4.6,1,GIBRALTAR                      ,直布罗陀,
101470,HAMBURG                        ,GERMANY                ,53.63,9.988,16.2,1,HAMBURG                        ,汉堡,
106370,FRANKFURT MAIN                 ,GERMANY                ,50.026,8.543,110.9,1,FRANKFURT         ,法兰克福,
161700,FIRENZE                        ,ITALY                  ,43.81,11.205,43.9,1,FIRENZE                        ,佛罗伦萨,
162530,GRAZZANISE                     ,ITALY                  ,41.061,14.082,8.8,1,NAPLES,那不勒斯,
165600,ELMAS                          ,ITALY                  ,39.251,9.054,4,1,CAGLIARI,卡利亚里,
419220,HAZRAT SHAHJALAL INTL          ,BANGLADESH             ,23.843,90.398,9.1,6,DHAKA,达卡,
421820,SAFDARJUNG                     ,INDIA                  ,28.585,77.206,214.9,5.5,NEW DELHI,新德里,
423670,KANPUR CHAKERI                 ,INDIA                  ,26.404,80.41,123.4,5.5,KANPUR,坎普尔,
425150,CHERRAPUNJI                    ,INDIA                  ,25.25,91.733,1313,5.5,CHERRAPUNJI,乞拉朋齐,
426470,AHMEDABAD                      ,INDIA                  ,23.077,72.635,57.6,5.5,AHMEDABAD                      ,艾哈迈达巴德,
428070,CALCUTTA/ALIPORE               ,INDIA                  ,22.533,88.333,6,5.5,CALCUTTA,加尔各答,
428670,DR AMBEDKAR INTL               ,INDIA                  ,21.092,79.047,314.9,5.5,NAGPUR,那格浦尔,
430030,CHHATRAPATI SHIVAJI INTL       ,INDIA                  ,19.089,72.868,11.3,5.5,MUMBAI,孟买,
430640,PUNE / LOHOGAON AERODROME      ,INDIA                  ,18.583,73.917,589,5.5,PUNE,浦那,
431280,BEGUMPET AIRPORT               ,INDIA                  ,17.452,78.461,531,5.5,HYDERABAD,海德拉巴,
432790,CHENNAI INTL                   ,INDIA                  ,12.994,80.181,15.8,5.5,CHENNAI                  ,清奈,
432950,BANGALORE                      ,INDIA                  ,12.967,77.583,921,5.5,BANGALORE                      ,班加罗尔,
433600,MADURAI                        ,INDIA                  ,9.835,78.093,139.9,5.5,MADURAI,马杜赖,
064490,BRUSSELS SOUTH                 ,BELGIUM                ,50.459,4.454,187.1,1,BRUSSELS,布鲁塞尔,
074800,BRON                           ,FRANCE                 ,45.727,4.944,200.9,1,BRON                           ,里昂,
081810,BARCELONA                      ,SPAIN                  ,41.297,2.078,3.7,1,BARCELONA                      ,里昂,
082210,BARAJAS                        ,SPAIN                  ,40.494,-3.567,609.6,1,BARAJAS                        ,马德里,
135860,SKOPJE                         ,MACEDONIA              ,41.962,21.621,238,1,SKOPJE,斯科普里,
136150,TIRANA RINAS                   ,ALBANIA                ,41.415,19.721,38.4,1,TIRANA,地拉那,
154220,BUCURESTI FILARET              ,ROMANIA                ,44.417,26.1,83.5,1,BUCURESTI,布加勒斯特,
156140,SOFIA                          ,BULGARIA               ,42.695,23.406,531,1,SOFIA,索菲亚,
167160,ATHINAI                        ,GREECE                 ,37.882,23.735,21,2,ATHEN,雅典,
170600,ATATURK                        ,TURKEY                 ,40.977,28.821,49.7,2,ISTANBUL,伊斯坦布尔,
171300,ANKARA/CENTRAL                 ,TURKEY                 ,39.95,32.883,891,2,ANKARA,安卡拉,
338150,CHISINAU                       ,MOLDOVA                ,47.017,28.983,173,2,CHISINAU                       ,基希讷乌,
480080,MYITKYINA                      ,BURMA                  ,25.367,97.4,147,6.5,MYITKYINA                      ,密支那,
480420,MANDALAY                       ,BURMA                  ,21.983,96.1,76,6.5,MANDALAY                       ,曼德勒,
480970,YANGON INTL                    ,BURMA                  ,16.907,96.133,33.2,6.5,YANGON,仰光,
483270,CHIANG MAI INTL                ,THAILAND               ,18.767,98.963,315.8,7,CHIANG MAI,清迈,
484550,BANGKOK METROPOLIS             ,THAILAND               ,13.733,100.567,4,7,BANGKOK,曼谷,
489000,TANSONNHAT INTL                ,VIETNAM                ,10.819,106.652,10.1,7,HU ZHI MING SHI,胡志明市,
489400,WATTAY INTL                    ,LAOS                   ,17.988,102.563,171.9,7,VIENTIANE,万象,
489910,PHNOM PENH INTL                ,CAMBODIA               ,11.547,104.844,12.2,7,PHNOM PENH,金边,
485640,PHUKET                         ,THAILAND               ,7.883,98.4,4,7,PHUKET                         ,普吉岛,
486470,SULTAN ABDUL AZIZ SHAH INTL    ,MALAYSIA               ,3.131,101.549,27.4,8,KUALA LUMPUR,吉隆坡,
486980,SINGAPORE CHANGI INTL          ,SINGAPORE              ,1.35,103.994,6.7,8,SINGAPORE,新加坡,
920350,PORT MORESBY JACKSONS INTL     ,PAPUA NEW GUINEA       ,-9.443,147.22,44.5,10,MORESBY,莫尔茨比港,
964650,LABUAN                         ,MALAYSIA               ,5.301,115.25,30.8,8,LABUAN,纳闽岛,
967450,JAKARTA/OBSERVATORY            ,INDONESIA              ,-6.183,106.833,8,7,JAKARTA,雅加达,
971800,HASANUDDIN                     ,INDONESIA              ,-5.062,119.554,14.3,8,MAKASSAR,锡江,
975020,JEFMAN                         ,INDONESIA              ,-0.926,131.121,3,9,SORONG,索龙,
915170,HONIARA                        ,SOLOMON ISLANDS        ,-9.417,159.967,56,11,HONIARA,荷尼阿拉,
915570,PORT VILA BAUERFIELD           ,VANUATU                ,-17.699,168.32,21.3,11,PORT VILA,维拉港,
915920,NOUMEA                         ,NEW CALEDONIA          ,-22.267,166.45,72,11,NOUMEA,努美阿,
916830,NAUSORI INTL                   ,FIJI                   ,-18.043,178.559,5.2,13,SUVA,苏瓦,
917920,FUA AMOTU INTL                 ,TONGA                  ,-21.241,-175.15,38.4,14,NUKU'ALOFA,努库阿洛法,
920100,GOROKA ATS                     ,PAPUA NEW GUINEA       ,-6.067,145.383,1587,10,GOROKA,戈罗卡,
978760,TANAH MERAH                    ,INDONESIA              ,-6.1,140.3,16,9,TANAHMERAH                    ,丹那美拉,
479910,MINAMI TORISHIMA               ,JAPAN                  ,24.29,153.979,6.7,9,SOUTHERN BIRD ISLAND,南鸟岛,
910660,HENDERSON FIELD AIRPORT        ,MIDWAY ISLANDS         ,28.2,-177.383,5.5,-11,MIDWAY ISLAND,中途岛,
911820,HONOLULU INTERNATIONAL AIRPORT ,UNITED STATES          ,21.324,-157.929,2.1,-10,HONOLULU,火奴鲁鲁,
912120,GUAM INTERNATIONAL AIRPORT     ,GUAM                   ,13.483,144.8,77.4,10,GUAM,关岛,
984250,MANILA                         ,PHILIPPINES            ,14.583,120.983,13,8,MANILA,马尼拉,
986180,PUERTO PRINCESA                ,PHILIPPINES            ,9.742,118.759,21.6,8,,公主港,
986460,MACTAN CEBU INTL               ,PHILIPPINES            ,10.308,123.979,9.4,8,,宿务,
987530,FRANCISCO BANGOY INTL          ,PHILIPPINES            ,7.126,125.646,29.3,8,,达沃,
999999,MAUNA LOA 5 NNE                ,UNITED STATES          ,19.535,-155.576,3407.4,-10,,夏威夷火山口,
704540,ADAK NAS                       ,UNITED STATES          ,51.883,-176.65,5.2,-10,,埃达克,
749516,BROOKS BROOK/STP6              ,UNITED STATES          ,-60.483,-133.45,804,-9,,,
840010,SEYMOUR                        ,ECUADOR                ,-0.454,-90.266,63.1,-6,,巴尔特拉岛,
854690,MATAVERI INTL                  ,CHILE                  ,-27.165,-109.422,69.2,-5,EASTER ISLAND,复活节岛,
913691,MAJURO ATOLL WEATHER CENTER    ,MARSHALL ISLANDS       ,7.083,171.133,4,12,MAJURO,马朱罗,
914900,CHRISTMAS ISLAND               ,CHRISTMAS ISLAND       ,1.986,-157.35,1.5,12,CHRISTMAS ISLAND       ,圣诞岛,
919250,HIVA-OA                        ,FRENCH POLYNESIA       ,-9.8,-139.033,53,-9.5,,阿图奥纳,
919380,TAHITI FAAA                    ,FRENCH POLYNESIA       ,-17.554,-149.607,1.5,-10,,帕皮提,
919620,PITCAIRN ISLAND AWS B          ,PITCAIRN ISLANDS       ,-25.067,-130.1,265,-8,,皮特凯恩,
939850,CHATHAM ISLAND AERODROME AWS   ,NEW ZEALAND            ,-43.817,-176.483,13.1,13.75,CHATHAM ISLAND,查塔姆群岛,
949980,MACQUARIE ISLAND               ,AUSTRALIA              ,-54.499,158.937,8.3,11,MACQUARIE ISLAND ,麦夸里岛,
992450,ENVIRONM BUOY 32301            ,UNITED STATES          ,-10,-105,3,-7,,,
992820,BERING SEA 310 NM NORTH OF ADA ,UNITED STATES          ,57.05,-177.58,0,11,,百令海峡中部,
997387,WAKE ISLAND                    ,WAKE ISLAND            ,19.28,166.62,5,12,WAKE ISLAND            ,威克島,
997633,DATA BUOY 21911                ,UNITED STATES          ,38.1,157.8,3,11,,,
722900,SAN DIEGO INTERNATIONAL AIRPOR ,UNITED STATES          ,32.734,-117.183,4.6,-8,SAN DIEGO,圣迭戈,
722950,LOS ANGELES INTERNATIONAL AIRP ,UNITED STATES          ,33.938,-118.389,29.6,-8,LOS ANGELES,洛杉矶,
726980,PORTLAND INTERNATIONAL AIRPORT ,UNITED STATES          ,45.596,-122.609,5.8,-8,PORTLAND,波特兰,
727935,BOEING FLD/KING CO INTL AP     ,UNITED STATES          ,47.53,-122.301,5.5,-8,SEATTLE,西雅图,
999998,DOWNTOWN                       ,UNITED STATES          ,37.771,-122.427,45.7,-8,SAN FRANCISCO,旧金山,
488250,HA DONG                        ,VIETNAM                ,20.967,105.767,7.9,7,HENEI,河内,
536980,SHIJIAZHUANG                   ,CHINA                  ,38.067,114.35,104.8,8,SHIJIAZHUANG                   ,石家庄,
571270,HANZHONG                       ,CHINA                  ,33.067,107.033,509,8,HANZHONG                       ,汉中,
722780,PHOENIX SKY HARBOR INTL AIRPOR ,UNITED STATES          ,33.428,-112.004,337.4,-7,PHOENIX,菲尼克斯,
722786,WILLIAMS GATEWAY AIRPORT       ,UNITED STATES          ,33.3,-111.667,421.2,-7,PHOENIX(2),菲尼克斯2,
723656,SANTA FE MUNICIPAL AIRPORT     ,UNITED STATES          ,35.617,-106.089,1933.7,-7,SANTA FE,圣塔菲,
725650,DENVER INTERNATIONAL AIRPORT   ,UNITED STATES          ,39.833,-104.658,1650.2,-7,DENVER,丹佛,
725690,NATRONA COUNTY INTERNATIONAL A ,UNITED STATES          ,42.898,-106.474,1619.4,-7,CASPER,卡斯珀,
725720,SALT LAKE CITY INTERNATIONAL A ,UNITED STATES          ,40.778,-111.969,1287.8,-7,SALT LAKE CITY,盐湖城,
725825,ELKO REGIONAL AIRPORT          ,UNITED STATES          ,40.829,-115.789,1533.1,-8,ELKO,埃尔科,
726810,BOISE AIR TERMINAL/GOWEN FD AI ,UNITED STATES          ,43.567,-116.241,857.7,-7,NAMPA,楠帕,
727720,HELENA REGIONAL AIRPORT        ,UNITED STATES          ,46.606,-111.964,1166.8,-7,BOISE,博伊西,
727855,FAIRCHILD AIR FORCE BASE       ,UNITED STATES          ,47.633,-117.65,750.1,-8,MEDICALLAKE,医学湖,
722020,MIAMI INTERNATIONAL AIRPORT   ,UNITED STATES,25.791,-80.316,8.8,-5,MIAMI,迈阿密,
722060,JACKSONVILLE  INTERNATIONAL AI,UNITED STATES,30.495,-81.694,7.9,-5,JACKSONVILLE,杰克逊维尔,
722140,TALLAHASSEE REGIONAL AIRPORT  ,UNITED STATES,30.393,-84.353,16.8,-5,TALLAHASSEE,塔拉哈西,
722260,MONTGOMERY  RGNL (DANNELLY FD),UNITED STATES,32.3,-86.408,61.6,-6,MONTGOMERY,蒙哥马利,
722270,DOBBINS AIR RESERVE BASE AIRPO,UNITED STATES,33.917,-84.517,325.5,-5,ATLANTA,亚特兰大,
723270,NASHVILLE INTERNATIONAL AIRPOR,UNITED STATES,36.119,-86.689,182.9,-6,NASHVILLE,纳什维尔,
724230,LOUISVILLE  INTL-STANDIFORD FI,UNITED STATES,38.181,-85.739,148.7,-5,LOUISVILLE,路易斯维尔,
724280,PORT COLUMBUS INTERNATIONAL AI,UNITED STATES,39.991,-82.877,248.7,-5,COLUMBUS,哥伦布,
724380,INDIANAPOLIS INTERNATIONAL AIR,UNITED STATES,39.732,-86.279,240.8,-5,INDIANAPOLIS,印第安纳波利斯,
725330,FORT WAYNE INTERNATIONAL AIRPO,UNITED STATES,40.971,-85.206,241.1,-5,FORT WAYNE,韦恩堡,
725375,DETROIT CITY AIRPORT          ,UNITED STATES,42.409,-83.01,190.8,-5,DETROIT,底特律,
998255,MACKINAW CITY                 ,UNITED STATES,45.783,-84.717,178.5,-5,MACKINAW CITY,麦基诺城,
722243,RICHMOND COUNTY AIRPORT       ,UNITED STATES,34.891,-79.759,109.1,-5,,,
723097,BOGUE FIELD MARINE CORPS AUXIL,UNITED STATES,34.683,-77.033,6.4,-5,,,
723100,COLUMBIA METROPOLITAN AIRPORT ,UNITED STATES,33.942,-81.118,68.6,-5,,,
723140,CHARLOTTE/DOUGLAS INTERNATIONA,UNITED STATES,35.224,-80.955,221.9,-5,,,
724050,RONALD REAGAN WASHINGTON NATL ,UNITED STATES,38.848,-77.034,3.1,-5,WASHINGTON,华盛顿,
724080,PHILADELPHIA INTERNATIONAL AIR,UNITED STATES,39.868,-75.231,3.1,-5,,,
724140,YEAGER AIRPORT                ,UNITED STATES,38.379,-81.59,277.4,-5,,,
725200,PITTSBURGH INTERNATIONAL AIRPO,UNITED STATES,40.485,-80.214,366.7,-5,,,
997692,CLEVELAND                     ,UNITED STATES,41.53,-81.63,210,-5,CLEVELAND                     ,克利夫兰,
722315,LAKEFRONT AIRPORT             ,UNITED STATES,30.049,-90.029,2.7,-6,New Orleans,新奥尔良,
722350,JACKSON INTERNATIONAL AIRPORT ,UNITED STATES,32.321,-90.078,100.6,-6,JACKSON,杰克逊,
722484,SHREVEPORT DOWNTOWN ARPT      ,UNITED STATES,32.543,-93.745,54.6,-6,,,
723340,MEMPHIS INTERNATIONAL AIRPORT ,UNITED STATES,35.056,-89.987,77.4,-6,,,
723405,LITTLE ROCK AFB AIRPORT       ,UNITED STATES,34.917,-92.15,94.8,-6,,,
725300,CHICAGO O'HARE INTERNATIONAL A,UNITED STATES,41.995,-87.934,201.8,-6,CHICAGO,芝加哥,
725314,ST LOUIS DOWNTOWN AIRPORT     ,UNITED STATES,38.571,-90.157,125.9,-6,ST LOUIS,圣路易斯,
725320,GREATER PEORIA REGIONAL AIRPOR,UNITED STATES,40.668,-89.684,198.1,-6,,,
725460,DES MOINES INTERNATIONAL AIRPO,UNITED STATES,41.534,-93.653,291.7,-6,,,
726410,DANE CO REGIONAL-TRUAX FIELD A,UNITED STATES,43.141,-89.345,264,-6,,,
726580,MINNEAPOLIS-ST PAUL INTERNATIO,UNITED STATES,44.883,-93.229,265.8,-6,,,
727450,DULUTH INTERNATIONAL AIRPORT  ,UNITED STATES,46.837,-92.183,436.8,-6,,,
747540,ALEXANDRIA INTL AIRPORT       ,UNITED STATES,31.335,-92.559,25.6,-5,,,
720271,BIG SRNG MCMHN-WRKLE ARPT     ,UNITED STATES,32.213,-101.521,784.3,-6,,,
722430,G BUSH INTERCONTINENTAL AP/HOU,UNITED STATES,29.98,-95.36,29,-6,HOUSTON,休斯敦,
722530,SAN ANTONIO INTERNATIONAL AIRP,UNITED STATES,29.544,-98.484,240.5,-6,,,
722580,DALLAS LOVE FIELD AIRPORT     ,UNITED STATES,32.852,-96.856,134.1,-6,DALLAS,达拉斯,
723540,TINKER AFB AIRPORT            ,UNITED STATES,35.417,-97.383,393.5,-6,,,
724460,KANSAS CITY INTERNATIONAL AIRP,UNITED STATES,39.297,-94.731,306.3,-6,KANSAS CITY,堪萨斯城,
724515,GARDEN CITY REGIONAL ARPT     ,UNITED STATES,37.927,-100.725,878.4,-6,,,
725540,OFFUTT AFB AIRPORT            ,UNITED STATES,41.117,-95.917,319.1,-6,,,
726560,PIERRE REGIONAL AIRPORT       ,UNITED STATES,44.381,-100.286,531,-6,,,
726620,RAPID CITY REGIONAL AIRPORT   ,UNITED STATES,44.043,-103.054,963.2,-7,,大急流城,
727676,MINOT INTERNATIONAL ARPT      ,UNITED STATES,48.255,-101.273,507.5,-6,,,
931190,AUCKLAND INTL                 ,NEW ZEALAND  ,-37.008,174.792,7,13,AUCKLAND,奥克兰,
941200,DARWIN INTL                   ,AUSTRALIA    ,-12.415,130.877,31.4,9.5,DARWIN,达尔文,
942910,INNISFAIL                     ,AUSTRALIA    ,-17.517,146.033,8,10,,,
943080,ROEBOURNE AERO                ,AUSTRALIA    ,-20.75,117.15,11,8,,,
943260,ALICE SPRINGS                 ,AUSTRALIA    ,-23.807,133.902,545.3,9.5,,,
943460,LONGREACH AERO                ,AUSTRALIA    ,-23.433,144.283,192,10,,,
944300,MEEKATHARRA AIRPORT           ,AUSTRALIA    ,-26.614,118.537,519,8,,,
945780,BRISBANE AIRPORT              ,AUSTRALIA    ,-27.417,153.067,6,10,,,
946510,NULLARBOR                     ,AUSTRALIA    ,-31.45,130.9,65,10.5,,,
947110,COBAR MO                      ,AUSTRALIA    ,-31.483,145.833,263.6,11,,,
947760,WILLIAMTOWN                   ,AUSTRALIA    ,-32.795,151.834,9.4,11,,,
948640,MELBOURNE ESSENDON            ,AUSTRALIA    ,-37.728,144.902,86,11,,,
949700,HOBART (ELLERSLIE ROAD)       ,AUSTRALIA    ,-42.883,147.333,51,11,,,
956770,ADELAIDE PARAFIELD            ,AUSTRALIA    ,-34.793,138.633,17.4,10.5,,,
957270,DUNEDOO                       ,AUSTRALIA    ,-32.017,149.383,388,11,,,
946100,PERTH INTL                    ,AUSTRALIA    ,-31.94,115.967,20.4,8,PERTH,帕斯,
947670,SYDNEY INTL                   ,AUSTRALIA    ,-33.946,151.177,6.4,11,SYDNEY,悉尼,
725030,LA GUARDIA AIRPORT            ,UNITED STATES,40.779,-73.88,3.4,-5,NEW YORK,纽约,
725090,GEN E L LOGAN INTERNATIONAL AI,UNITED STATES,42.361,-71.01,3.7,-5,BOSTON,波士顿,
725196,GRIFFIS AIRFIELD              ,UNITED STATES,43.234,-75.412,158.2,-5,,,
726196,MILLINOCKET MUNICIPAL ARPT    ,UNITED STATES,45.648,-68.693,123.8,-5,,,
701337,WALES AIRPORT                 ,UNITED STATES,65.617,-168.1,6.7,-9,,,
702610,FAIRBANKS INTERNATIONAL       ,UNITED STATES,64.804,-147.876,131.7,-9,,,
702735,MERRILL FIELD AIRPORT         ,UNITED STATES,61.217,-149.855,42.1,-9,,,
703810,JUNEAU INTERNATIONAL          ,UNITED STATES,58.357,-134.564,4.9,-9,,,
998431,UNALASKA                      ,UNITED STATES,53.879,-166.54,5.7,-9,,,
470080,CHONGJIN                      ,"KOREA, NORTH ",41.783,129.817,43,8,,,
507450,SANJIAZI                      ,CHINA        ,47.24,123.918,145.4,8,QIQIHAER,齐齐哈尔,
507880,FUJIN                         ,CHINA        ,47.233,131.983,65,8,FUJIN,富锦,
508540,ANDA                          ,CHINA        ,46.383,125.317,150,8,DAQING,大庆,
509780,JIXI                          ,CHINA        ,45.3,130.917,273.5,8,JIXI,鸡西,
510760,ALTAY                         ,CHINA        ,47.733,88.083,737,8,ALETAI,阿勒泰,
511330,TACHENG                       ,CHINA        ,46.733,83,535,8,TACHENG,塔城,
511560,HOBOKSAR                      ,CHINA        ,46.817,85.75,1323.2,8,HEBUKESAIER,和布克赛尔蒙古自治县,
512430,KARAMAY                       ,CHINA        ,45.6,84.85,428,8,KELAMAYI,克拉玛依,
512880,BAYTIK SHAN                   ,CHINA        ,45.367,90.533,1651,8,BEITASHAN,北塔山,
513340,JINGHE                        ,CHINA        ,44.567,82.817,330.2,8,JINGHE                        ,精河,
514310,YINING                        ,CHINA        ,43.95,81.333,663,8,YINING,伊宁,
514950,SHISANJIANFANG                ,CHINA        ,43.217,91.733,732,8,SHISANJIANFANG                ,十三间房,
516440,KUQA                          ,CHINA        ,41.717,82.95,1100,8,KUCHE,库车,
516560,KORLA                         ,CHINA        ,41.733,85.817,903,8,KUERLE,库尔勒,
517110,AKQI                          ,CHINA        ,40.933,78.45,1986,8,AHEQI,阿合奇县,
517650,TIKANLIK                      ,CHINA        ,40.633,87.7,847,8,RUOQIANG,若羌,
522030,HAMI                          ,CHINA        ,42.817,93.517,739,8,HAMI                          ,哈密,
523230,MAZONG SHAN                   ,CHINA        ,41.8,97.033,1770,8,MAZONGSHAN,马鬃山,
527130,DA-QAIDAM                     ,CHINA        ,37.85,95.367,3174,8,DACHAIDAN,大柴旦,
527370,DELINGHA                      ,CHINA        ,37.367,97.367,2982,8,DELINGHA,德令哈,
534800,JINING                        ,CHINA        ,41.033,113.067,1416,8,JINING                        ,济宁,
540940,MUDANJIANG                    ,CHINA        ,44.5,129.667,306.5,8,MUDANJIANG                    ,牡丹江,
541350,TONGLIAO                      ,CHINA        ,43.6,122.267,180,8,TONGLIAO                      ,通辽,
541570,SIPING                        ,CHINA        ,43.183,124.333,167,8,SIPING                        ,四平,
541860,DUNHUA                        ,CHINA        ,43.367,128.2,525,8,DUNHUA                        ,敦化,
542180,CHIFENG                       ,CHINA        ,42.3,118.833,567,8,CHIFENG                       ,赤峰,
542590,QINGYUAN                      ,CHINA        ,42.067,124.867,230,8,QINGYUANXIAN                      ,清原,
542920,YANJI                         ,CHINA        ,42.883,129.5,178,8,YANJI                         ,延吉,
543240,CHAOYANG                      ,CHINA        ,41.55,120.45,176,8,CHAOYANG                      ,朝阳,
543370,JINZHOU                       ,CHINA        ,41.133,121.117,70,8,JINZHOU                       ,锦州,
543630,TONGHUA                       ,CHINA        ,41.717,125.917,312,8,TONGHUA                       ,通化,
544710,YINGKOU                       ,CHINA        ,40.667,122.2,4,8,YINGKOU                       ,营口,
552280,SHIQUANHE                     ,CHINA        ,32.5,80.083,4280,8,SHIQUANHE                     ,狮泉河,
433990,PARO                          ,BHUTAN       ,27.403,89.425,2234.8,,,,
442750,BAYANBULAG                    ,MONGOLIA     ,46.833,98.083,2255,,,,
442920,CHINGGIS KHAAN INTL           ,MONGOLIA     ,47.843,106.767,1330.1,,,,
443050,BARUUN-URT                    ,MONGOLIA     ,46.683,113.283,981,,,,
444240,JUMLA                         ,NEPAL        ,29.283,82.167,2300,,,,
444540,TRIBHUVAN INTL                ,NEPAL        ,27.697,85.359,1338.1,,,,
505480,XIAO'ERGOU                    ,CHINA        ,49.2,123.717,288,8,XIAOERGOU,小二沟,
517300,ALAR                          ,CHINA        ,40.5,81.05,1013,8,ALAER,阿拉尔,
517470,TAZHONG                       ,CHINA        ,39,83.667,1099,8,TAZHONG,塔中,
518280,HOTAN                         ,CHINA        ,37.133,79.933,1375,8,HETIAN,和田,
518860,MANGNAI                       ,CHINA        ,38.25,90.85,2945,8,MANGYA,芒崖,
522670,EJIN QI                       ,CHINA        ,41.95,101.067,941,8,EJINAQI,额济纳旗,
524180,DUNHUANG                      ,CHINA        ,40.15,94.683,1140,8,DUNHUANG,敦煌,
530680,ERENHOT                       ,CHINA        ,43.65,112,966,8,ERLIANHAOTE,二连浩特,
534630,BAITA                         ,CHINA        ,40.851,111.824,1083.9,8,BAITA,白塔,
535130,LINHE                         ,CHINA        ,40.767,107.4,1041,8,LINHE,临河,
541020,XILIN HOT                     ,CHINA        ,43.95,116.117,1004,8,XILINHAOTE,锡林浩特,
552480,LUMARINGBO                    ,CHINA        ,32.3,84.05,4420,8,GAIZEXIAN,改则县,
552790,BAINGOIN                      ,CHINA        ,31.367,90.017,4701,8,BANGE,班戈,
552990,NAGQU                         ,CHINA        ,31.483,92.067,4508,8,NAQU,那曲,
560040,TUOTUOHE                      ,CHINA        ,34.217,92.433,4535,8,TUOTUOHE,沱沱河,
560290,YUSHU                         ,CHINA        ,33.017,97.017,3682,8,YUSHU,玉树,
561370,QAMDO                         ,CHINA        ,31.15,97.167,3307,8,CHANGDU,昌都,
561440,DEGE                          ,CHINA        ,31.733,98.567,3201,8,DEGE,德格,
561710,A-BA                          ,CHINA        ,32.917,101.7,3170,8,ABA,阿坝,
563570,DAOCHENG                      ,CHINA        ,29.05,100.3,3729,8,DAOCHENGYADING,稻城亚丁,
563740,KANGDING                      ,CHINA        ,30.05,101.967,2617,8,KANGDING                      ,康定,
526520,ZHANGYE                       ,CHINA        ,39.083,100.283,1462,8,ZHANGYE                       ,张掖,
535880,WUTAI SHAN                    ,CHINA        ,38.95,113.517,2210,8,WUTAISHAN,五台山,
536460,YULIN                         ,CHINA        ,38.267,109.783,1158,8,YULIN,榆林,
537640,LISHI                         ,CHINA        ,37.5,111.1,951,8,LVLIANG,吕梁,
537980,XINGTAI                       ,CHINA        ,37.183,114.367,184,8,XINGTAI,邢台,
538450,YAN AN                        ,CHINA        ,36.6,109.5,959,8,YANAN,延安,
538870,CHANG-ZHI                     ,CHINA        ,36.2,113.117,975,8,CHANGZHI,长治,
538980,ANYANG                        ,CHINA        ,36.05,114.133,195.7,8,ANYANG,安阳,
539230,XIFENGZHEN                    ,CHINA        ,35.733,107.633,1423,8,QINGYANG,庆阳,
539590,YUNCHENG                      ,CHINA        ,35.117,111.067,376.5,8,YUNCHENG                      ,运城,
544010,ZHANGJIAKOU                   ,CHINA        ,40.783,114.883,726,8,ZHANGJIAKOU                   ,张家口,
544230,CHENGDE                       ,CHINA        ,40.967,117.917,423,8,CHENGDE                       ,承德,
545340,TANGSHAN                      ,CHINA        ,39.65,118.1,29,8,TANGSHAN                      ,唐山,
546020,BAODING                       ,CHINA        ,38.733,115.483,17,8,BAODING                       ,保定,
546180,POTOU                         ,CHINA        ,38.083,116.55,13,8,POTOU,泊头,
547150,LINGXIAN                      ,CHINA        ,37.333,116.567,19,8,DEZHOU,德州,
548430,WEIFANG                       ,CHINA        ,36.767,119.183,22,8,WEIFANG,潍坊,
549090,DINGTAO                       ,CHINA        ,35.083,115.517,51,8,HEZE,菏泽,
560960,WUDU                          ,CHINA        ,33.4,104.917,1079,8,LONGNAN,陇南,
570140,BEIDAO                        ,CHINA        ,34.57,105.87,1086,8,TIANSHUI,天水,
570250,FENGXIANG                     ,CHINA        ,34.517,107.383,781,8,FENGXIANG                     ,凤翔,
570670,LUSHI                         ,CHINA        ,34.083,111.067,659.5,8,LUSHI,卢氏,
570710,MENGJIN                       ,CHINA        ,34.817,112.433,333,8,MENGJIN                       ,孟津,
571780,NANYANG                       ,CHINA        ,33.1,112.483,181.6,8,NANYANG                       ,南阳,
571930,XIHUA                         ,CHINA        ,33.783,114.517,53,8,XIHUA,西华,
572450,ANKANG                        ,CHINA        ,32.717,109.033,291,8,ANKANG                        ,安康,
572900,ZHUMADIAN                     ,CHINA        ,32.933,113.917,107.2,8,ZHUMADIAN                     ,驻马店,
572970,XINYANG                       ,CHINA        ,32.133,114.05,115,8,XINYANG                       ,信阳,
581410,HUAIYIN                       ,CHINA        ,33.633,118.933,13.7,8,HUAIYIN                       ,淮阴,
581500,SHEYANG                       ,CHINA        ,33.75,120.3,3,8,SHEYANG                       ,射阳,
582080,GUSHI                         ,CHINA        ,32.167,115.617,44,8,GUSHI                         ,固始,
582210,BENGBU                        ,CHINA        ,32.85,117.3,28,8,BENGBU                        ,蚌埠,
583210,LUOGANG                       ,CHINA        ,31.78,117.298,32.9,8,LUOGANG                       ,洛阳,
584370,HUANG SHAN                    ,CHINA        ,30.133,118.15,1836,8,HUANGSHAN                    ,黄山,
561960,MIANYANG                      ,CHINA        ,31.45,104.733,522,8,MIANYANG                      ,绵阳,
562870,YA'AN                         ,CHINA        ,29.983,103,629,8,YAAN                         ,雅安,
563860,LESHAN                        ,CHINA        ,29.567,103.767,440,8,LESHAN                        ,乐山,
564440,DEQEN                         ,CHINA        ,28.45,98.883,3320,8,DEQIN                         ,德钦,
564920,YIBIN                         ,CHINA        ,28.8,104.6,342,8,YIBIN                         ,宜宾,
566510,LIJING                        ,CHINA        ,26.833,100.467,2394,8,LIJING                        ,丽江,
566910,WEINING                       ,CHINA        ,26.867,104.283,2236,8,WEINING                       ,威宁,
568380,RUILI                         ,CHINA        ,24,97.85,776,8,RUILI                         ,瑞丽,
569640,SIMAO                         ,CHINA        ,22.767,100.983,1303,8,SIMAO                         ,思茅,
569850,MENGZI                        ,CHINA        ,23.45,103.333,1313.6,8,,蒙自,
572590,FANGXIAN                      ,CHINA        ,32.033,110.767,435,8,,房县,
573280,DA XIAN                       ,CHINA        ,31.2,107.5,344,8,DA XIAN                       ,达县,
573480,FENGJIE                       ,CHINA        ,31.017,109.533,303,8,FENGJIE                       ,奉节,
573990,MACHENG                       ,CHINA        ,31.133,114.95,75.2,8,MACHENG,麻城,
574110,GAOPING                       ,CHINA        ,30.75,106.133,347,8,GAOPING                       ,高平,
574470,ENSHI                         ,CHINA        ,30.283,109.467,458,8,ENSHI                         ,恩施,
574610,YICHANG                       ,CHINA        ,30.733,111.367,257.7,8,YICHANG                       ,宜昌,
574760,JIANGLING                     ,CHINA        ,30.333,112.183,33,8,JIANGLING                     ,江陵,
575030,NEIJIANG                      ,CHINA        ,29.617,105.117,349,8,NEIJIANG                      ,内江,
575540,SANGZHI                       ,CHINA        ,29.4,110.167,322,8,SANGZHI                       ,桑植,
575840,YUEYANG                       ,CHINA        ,29.383,113.083,52,8,YUEYANG                       ,岳阳,
575980,XIUSHUI                       ,CHINA        ,29.033,114.583,147,8,XIUSHUI                       ,修水,
576040,NAXI                          ,CHINA        ,28.783,105.383,364,8,LUZHOU,泸州,
576330,YOUYANG                       ,CHINA        ,28.833,108.767,665,8,YOUYANG                       ,酉阳,
576620,CHANGDE                       ,CHINA        ,29.05,111.683,35,8,CHANGDE                       ,常德,
577120,HUICHUAN                      ,CHINA        ,27.733,106.95,984,8,ZUNYI,遵义,
577660,SHAOYANG                      ,CHINA        ,27.183,111.45,310.4,8,SHAOYANG                      ,邵阳,
577930,YICHUN                        ,CHINA        ,27.8,114.383,129,8,YICHUN                        ,宜春,
577990,JI'AN                         ,CHINA        ,27.117,114.967,78,8,JI'AN                         ,吉安,
578660,LINGLING                      ,CHINA        ,26.233,111.617,174,8,LINGLING                      ,零陵,
578720,HENGYANG                      ,CHINA        ,26.933,112.583,98,8,HENGYANG                      ,衡阳,
579020,XINGREN                       ,CHINA        ,25.433,105.183,1379,8,XINGREN                       ,兴仁,
579320,RONGJIANG                     ,CHINA        ,25.967,108.533,287,8,RONGJIANG                     ,榕江,
579720,CHENZHOU                      ,CHINA        ,25.733,112.967,368.8,8,CHENZHOU                      ,郴州,
579930,GANZHOU                       ,CHINA        ,25.85,114.95,125,8,GANZHOU                       ,赣州,
582510,DONGTAI                       ,CHINA        ,32.85,120.283,4,8,DONGTAI                       ,东台,
583380,WUHUXIAN                      ,CHINA        ,31.15,118.583,16,8,WUHUXIAN                      ,芜湖,
583450,LIYANG                        ,CHINA        ,31.433,119.483,8,8,LIYANG                        ,溧阳,
584240,ANQING                        ,CHINA        ,30.617,116.967,63.2,8,ANQING                        ,安庆,
584770,DINGHAI                       ,CHINA        ,30.033,122.117,37,8,DINGHAI                       ,定海,
585060,LU SHAN                       ,CHINA        ,29.583,115.983,1165,8,LUSHAN                       ,庐山,
585270,JINGDEZHEN                    ,CHINA        ,29.3,117.2,60,8,JINGDEZHEN                    ,景德镇,
585490,JINHUA                        ,CHINA        ,29.15,119.633,35,8,JINHUA                        ,金华,
585620,NINGBO                        ,CHINA        ,29.917,121.467,6,8,NINGBO                        ,宁波,
586260,SHANGRAO                      ,CHINA        ,28.483,117.983,90,8,SHANGRAO                      ,上饶,
586330,QU XIAN                       ,CHINA        ,28.967,118.867,71,8,QU XIAN                       ,衢州,
586460,LISHUI                        ,CHINA        ,28.45,119.917,60,8,LISHUI                        ,丽水,
586650,HONGJIA                       ,CHINA        ,28.617,121.417,2,8,TAIZHOU,台州,
587150,NANCHENG                      ,CHINA        ,27.583,116.65,82,8,NANCHENG                      ,南城,
590070,GUANGNAN                      ,CHINA        ,24.067,105.067,1251,8,GUANGNAN                      ,广南,
591020,XUNWU                         ,CHINA        ,24.95,115.65,299,8,XUNWU                         ,寻乌,
450110,MACAU INTL                    ,CHINA,22.15,113.592,6.1,8,AOMEN,澳门,
467340,MAGONG                        ,CHINA,23.569,119.628,31.4,8,PENGHU,澎湖,
467550,MOUNT MORRISON                ,CHINA,23.483,120.95,3850,8,YUSHAN,玉山,
467630,HUALIEN                       ,CHINA,24.023,121.618,15.8,8,HUALIEN                       ,花莲,
467700,CHING CHUAN KANG AB           ,CHINA,24.265,120.621,202.1,8,TAIZHONG,台中,
565860,ZHAOTONG                      ,CHINA        ,27.333,103.75,1950,8,ZHAOTONG                      ,昭通,
567860,ZHANYI                        ,CHINA        ,25.583,103.833,1900,8,ZHANYI                        ,曲靖,
569510,LINCANG                       ,CHINA        ,23.95,100.217,1503,8,LINCANG                       ,临沧,
572790,ZAOYANG                       ,CHINA        ,32.15,112.667,127,8,ZAOYANG,枣阳,
577450,ZHIJIANG                      ,CHINA        ,27.45,109.683,273,8,ZHIJIANG                      ,枝江,
579570,LIANGJIANG                    ,CHINA        ,25.218,110.039,173.7,8,LIANGJIANG                    ,两江,
587300,WUYISHAN                      ,CHINA        ,27.767,118.033,221,8,WUYISHAN                      ,武夷山,
588340,NANPING                       ,CHINA        ,26.633,118.15,153,8,NANPING                       ,南平,
589210,YONG'AN                       ,CHINA        ,25.967,117.35,204,8,YONGAN,永安,
590230,HECHI                         ,CHINA        ,24.7,108.05,214,8,HECHI                         ,河池,
590460,LIUZHOU                       ,CHINA        ,24.35,109.4,97,8,LIUZHOU                       ,柳州,
590720,LIANZHOU                      ,CHINA        ,24.8,112.367,98,8,LIANZHOU                      ,连州,
590820,SHAOGUAN                      ,CHINA        ,24.667,113.6,68,8,SHAOGUAN                      ,韶关,
590870,FOGANG                        ,CHINA        ,23.883,113.517,68,8,FOGANG                        ,佛冈,
590960,LIANPING                      ,CHINA        ,24.367,114.483,214,8,LIANPING,连平,
591170,MEI XIAN                      ,CHINA        ,24.283,116.067,116.9,8,MEIXIAN,梅县,
592110,BAISE                         ,CHINA        ,23.9,106.6,177,8,BAISE,百色,
592540,GUIPING                       ,CHINA        ,23.4,110.083,44,8,GUIPING,桂平,
592650,WUZHOU                        ,CHINA        ,23.483,111.3,120,8,WUZHOU                        ,梧州,
592930,HEYUAN                        ,CHINA        ,23.8,114.733,41,8,HEYUAN                        ,河源,
593160,SHANTOU                       ,CHINA        ,23.4,116.683,3,8,SHANTOU                       ,汕头,
593530,ALI SHAN                      ,CHINA        ,23.517,120.8,2408,8,ALISHAN,阿里山,
594170,LONGZHOU                      ,CHINA        ,22.367,106.75,129,8,LONGZHOU,龙州,
594560,XINYI                         ,CHINA        ,22.35,110.933,84,8,XINYI,信宜,
594930,BAOAN INTL                    ,CHINA        ,22.639,113.811,4,8,SHENZHEN,深圳,
595010,SHANWEI                       ,CHINA        ,22.783,115.367,5,8,SHANWEI,汕尾,
595590,HENGCHUN                      ,CHINA        ,22,120.75,24,8,HENGCHUN,恒春,
596440,BEIHAI                        ,CHINA        ,21.483,109.1,16,8,BEIHAI                        ,北海,
596580,ZHANJIANG                     ,CHINA        ,21.217,110.4,28,8,ZHANJIANG                     ,湛江,
596630,YANGJIANG                     ,CHINA        ,21.867,111.967,22,8,YANGJIANG                     ,阳江,
598380,DONGFANG                      ,CHINA        ,19.1,108.617,8,8,DONGFANG                      ,东方,
598550,QIONGHAI                      ,CHINA        ,19.233,110.467,25,8,QIONGHAI                      ,琼海,
722050,ORLANDO INTERNATIONAL AIRPORT ,UNITED STATES,28.434,-81.325,27.4,-5,,奥兰多,
722104,ALBERT WHITTED AIRPORT        ,UNITED STATES,27.765,-82.628,2.4,-5,,,
723658,FOUR CORNERS REGIONAL ARPT    ,UNITED STATES,36.744,-108.229,1674.9,-7,,,
724297,CINA MUNI APT/LUKN FD APT     ,UNITED STATES,39.103,-84.419,149.4,-5,,,
726350,GERALD R FORD INTERNATIONAL AI,UNITED STATES,42.883,-85.524,244.8,-5,,,
710830,RANKIN INLET          ,CANADA,62.811,-92.116,28.7,-6,,,
711230,EDMONTON INTL         ,CANADA,53.31,-113.58,723.3,-7,,,
714340,PEAWANUCK (AUT)       ,CANADA,54.983,-85.433,53,-5,,,
716180,CHURCHILL             ,CANADA,58.739,-94.065,28.7,-6,,,
718520,WINNIPEG INTL         ,CANADA,49.91,-97.24,238.7,-6,,,
718630,REGINA INTL           ,CANADA,50.433,-104.667,577.3,-6,,,
718770,CALGARY INTL          ,CANADA,51.114,-114.02,1084.2,-7,,,
718920,VANCOUVER INTL        ,CANADA,49.194,-123.184,4.3,-8,,,
718960,PRINCE GEORGE         ,CANADA,53.889,-122.679,691,-8,,,
719150,CORAL HARBOUR         ,CANADA,64.193,-83.359,64,-5,,,
719170,EUREKA                ,CANADA,79.983,-85.933,10,-6,,,
719230,ENNADAI LAKE (AUT)  NU,CANADA,61.117,-100.883,353,-7,,,
719240,RESOLUTE BAY          ,CANADA,74.717,-94.969,65.5,-6,,,
719246,GRISE FIORD AIRPORT   ,CANADA,76.417,-82.9,45,-5,,,
719250,CAMBRIDGE BAY         ,CANADA,69.108,-105.138,27.4,-7,,,
719260,BAKER LAKE            ,CANADA,64.299,-96.078,18,-6,,,
719360,YELLOWKNIFE           ,CANADA,62.463,-114.44,205.7,-7,,,
719570,INUVIK MIKE ZUBKO     ,CANADA,68.304,-133.483,68.3,-8,,,
719630,HANBURY RIVER  NWT    ,CANADA,63.6,-105.133,317,-6,,,
719640,WHITEHORSE INTL       ,CANADA,60.71,-135.067,706.2,-8,,,
761600,GENERAL IGNACIO P GARCIA INTL ,MEXICO              ,29.096,-111.048,191.1,-7,,,
762250,CHIHUAHUA  CHIH.              ,MEXICO              ,28.633,-106.083,1433,-7,,,
763930,MONTERREY  N.L.               ,MEXICO              ,25.733,-100.3,515,-6,,,
764050,LA PAZ  BCS                   ,MEXICO              ,24.167,-110.3,18,-7,,,
765250,ZACATECAS  ZAC. (LA BUFA  ZAC.,MEXICO              ,22.783,-102.567,2612,-6,,,
765480,TAMPICO  TAMPS                ,MEXICO              ,22.2,-97.85,25,-6,,,
766120,GUADALAJARA  JAL.             ,MEXICO              ,20.667,-103.383,1551,-6,,,
766440,LICENCIADO MANUEL CRESCENCIO R,MEXICO              ,20.937,-89.658,11.6,-6,,,
766800,MEXICO (CENTRAL)   D.F.       ,MEXICO              ,19.4,-99.183,2303,-6,,,
767430,VILLAHERMOSA  TAB.            ,MEXICO              ,17.983,-92.933,16,-6,,,
767750,OAXACA  OAX.                  ,MEXICO              ,17.05,-96.717,1518,-6,,,
785830,PHILIP S W GOLDSON INTL       ,BELIZE              ,17.539,-88.308,4.6,-5,,,
786475,QUEZALTENANGO                 ,GUATEMALA           ,14.866,-91.502,2431,-6,,,
786630,ILOPANGO INTL                 ,EL SALVADOR         ,13.699,-89.12,616,-6,,,
787200,TONCONTIN INTL                ,HONDURAS            ,14.061,-87.217,1004,-6,,,
787410,MANAGUA INTL                  ,NICARAGUA           ,12.141,-86.168,59.1,-6,,,
782240,JOSE MARTI INTL               ,CUBA                ,22.989,-82.409,64,-5,,,
782550,IGNACIO AGRAMONTE INTL        ,CUBA                ,21.42,-77.848,125.9,-5,,,
783970,NORMAN MANLEY INTL            ,JAMAICA             ,17.936,-76.788,3,-5,,,
784390,TOUSSAINT LOUVERTURE INTL     ,HAITI               ,18.58,-72.293,37.2,-5,,,
784860,SANTO DOMINGO                 ,DOMINICAN REPUBLIC  ,18.433,-69.883,14,-4,,,
787620,JUAN SANTAMARIA INTL          ,COSTA RICA          ,9.994,-84.209,920.8,-5,,,
787920,TOCUMEN INTL                  ,PANAMA              ,9.071,-79.383,41.1,-5,,,
787930,ENRIQUE MALEK INTL            ,PANAMA              ,8.391,-82.435,27.1,-5,,,
789540,GRANTLEY ADAMS INTL           ,BARBADOS            ,13.075,-59.492,51.5,-4,,,
789700,PIARCO INTL AP                ,TRINIDAD AND TOBAGO ,10.583,-61.35,12.2,-4,,,
800280,ERNESTO CORTISSOZ             ,COLOMBIA            ,10.89,-74.781,29.9,-5,,,
801390,PUERTO CARRENO                ,COLOMBIA            ,6.185,-67.493,53.9,-4,,,
802220,ELDORADO INTL                 ,COLOMBIA            ,4.702,-74.147,2548.4,-5,,,
802590,ALFONSO BONILLA ARAGON INTL   ,COLOMBIA            ,3.543,-76.382,963.8,-5,,,
803420,ANTONIO NARINO                ,COLOMBIA            ,1.393,-77.291,1813.9,-5,,,
803610,FABIO ALBERTO LEON BENTLEY    ,COLOMBIA            ,1.254,-70.234,207.3,-5,,,
804160,GENERALISIMO FRANCISCO DE MIRA,VENEZUELA           ,10.485,-66.844,856,-4,,,
804440,CIUDAD BOLIVAR                ,VENEZUELA           ,8.122,-63.537,60,-4,,,
804620,SANTA ELENA DE UAIREN         ,VENEZUELA           ,4.555,-61.145,895.8,-4,,,
810010,GEORGETOWN                    ,GUYANA              ,6.8,-58.15,2,-4,,,
810060,LETHEM                        ,GUYANA              ,3.367,-59.8,82,-4,,,
812250,JOHAN A PENGEL INTL           ,SURINAME            ,5.453,-55.188,18,-3,,,
814050,ROCHAMBEAU                    ,FRENCH GUIANA       ,4.82,-52.36,7.9,-3,,,
814150,MARIPASOULA                   ,FRENCH GUIANA       ,3.633,-54.033,106,-3,,,
994043,SAN JUAN                      ,PUERTO RICO         ,18.47,-66.12,5,-4,,,
997400,BUOY  42058 / CENTRAL CARIBBEA,UNITED STATES       ,14.98,-74.98,3,-5,,,
840710,MARISCAL SUCRE INTL           ,ECUADOR                          ,-0.141,-78.488,2812.7,-5,,,
842030,SIMON BOLIVAR INTL            ,ECUADOR                          ,-2.157,-79.884,5.8,-5,,,
843770,CORONEL FRANCISCO SECADA VIGNE,PERU                             ,-3.785,-73.309,93.3,-5,,,
844520,CAPT JOSE A  QUINONES GONZALES,PERU                             ,-6.787,-79.828,29.6,-5,,,
844550,CADETE GUILLERMO DEL CASTILLO ,PERU                             ,-6.509,-76.373,274.3,-5,,,
846280,JORGE CHAVEZ INTL             ,PERU                             ,-12.022,-77.114,34.4,-5,,,
846580,PADRE ALDAMIZ                 ,PERU                             ,-12.614,-69.229,200.9,-5,,,
847520,RODRIGUEZ BALLON              ,PERU                             ,-16.341,-71.583,2561.8,-5,,,
850430,RIBERALTA                     ,BOLIVIA                          ,-11.017,-66.117,135,-4,,,
852010,EL ALTO INTL                  ,BOLIVIA                          ,-16.513,-68.192,4061.5,-4,,,
852680,ROBORE (CIV/MIL)              ,BOLIVIA                          ,-18.317,-59.75,284,-4,,,
852830,JUANA AZURDUY DE PADILLA      ,BOLIVIA                          ,-19.007,-65.289,2903.8,-4,,,
854180,DIEGO ARACENA INTL            ,CHILE                            ,-20.535,-70.181,47.2,-4,,,
854320,CALAMA                        ,CHILE                            ,-22.5,-68.9,2320,-4,,,
854420,CERRO MORENO INTL             ,CHILE                            ,-23.444,-70.445,138.7,-4,,,
854670,DESIERTO DE ATACMA            ,CHILE                            ,-27.25,-70.77,204,-4,,,
854880,LA FLORIDA                    ,CHILE                            ,-29.916,-71.2,146.6,-4,,,
855770,QUINTA NORMAL                 ,CHILE                            ,-33.433,-70.683,520,-4,,,
857030,MARIA DOLORES                 ,CHILE                            ,-37.402,-72.425,114,-4,,,
857990,EL TEPUAL INTL                ,CHILE                            ,-41.439,-73.094,89.6,-4,,,
858890,FARO RAPER                    ,CHILE                            ,-46.8,-75.633,46,-4,,,
858960,ISLOTES EVANGELISTAS          ,CHILE                            ,-52.383,-75.117,56,-4,,,
859720,ISLA DIEGO RAMIREZ            ,CHILE                            ,-56.5,-68.667,42,-4,,,
870070,LA QUIACA                     ,ARGENTINA                        ,-22.151,-65.578,3479,-3,,,
879340,RIO GRANDE                    ,ARGENTINA                        ,-53.778,-67.749,19.8,-3,,,
860680,DR LUIS MARIA ARGANA INTL     ,PARAGUAY                         ,-22.045,-60.622,168.6,-4,,,
862180,SILVIO PETTIROSSI INTL        ,PARAGUAY                         ,-25.24,-57.519,89,-4,,,
863500,PRESIDENTE GENERAL DON OSCAR D,URUGUAY                          ,-30.975,-55.476,223,-3,,,
865800,CARRASCO INTL                 ,URUGUAY                          ,-34.838,-56.031,32,-3,,,
870470,SALTA                         ,ARGENTINA                        ,-24.856,-65.486,1246,-3,,,
871480,PRESIDENCIA ROQUE SAENZ PENA A,ARGENTINA                        ,-26.733,-60.483,91,-3,,,
873440,AMBROSIO L V TARAVELLA        ,ARGENTINA                        ,-31.324,-64.208,488.9,-3,,,
874180,EL PLUMERILLO                 ,ARGENTINA                        ,-32.832,-68.793,704.1,-3,,,
874800,ROSARIO                       ,ARGENTINA                        ,-32.904,-60.785,25.9,-3,,,
875060,MALARGUE                      ,ARGENTINA                        ,-35.494,-69.574,1430.1,-3,,,
875850,BUENOS AIRES (OBS)            ,ARGENTINA                        ,-34.583,-58.483,25,-3,,,
876230,SANTA ROSA                    ,ARGENTINA                        ,-36.588,-64.276,192,-3,,,
877150,PRESIDENTE PERON              ,ARGENTINA                        ,-38.949,-68.156,272.8,-3,,,
877895,EL TEHUELCHE                  ,ARGENTINA                        ,-42.759,-65.103,129.8,-3,,,
878030,ESQUEL                        ,ARGENTINA                        ,-42.908,-71.139,798.9,-3,,,
878520,PERITO MORENO ARPT            ,ARGENTINA                        ,-46.517,-71.017,429,-3,,,
878600,COMODORO RIVADAVIA            ,ARGENTINA                        ,-45.785,-67.466,57.9,-3,,,
879035,EL CALAFATE                   ,ARGENTINA                        ,-50.28,-72.053,203.9,-3,,,
879090,SAN JULIAN                    ,ARGENTINA                        ,-49.307,-67.803,57.9,-3,,,
879250,RIO GALLEGOS                  ,ARGENTINA                        ,-51.609,-69.313,18.6,-3,,,
888910,STANLEY                       ,ARGENTINA                        ,-51.686,-57.778,22.9,-3,,,
998310,BUOY 32012 / WOODS HOLE STRATU,CHILE                            ,-19.613,-85.585,3,-6,,,
803980,ALFREDO VASQUEZ COBO          ,COLOMBIA            ,-4.193,-69.943,84.4,-4,,,
820220,BOA VISTA                     ,BRAZIL              ,2.846,-60.69,84.1,-4,,,
820980,MACAPA                        ,BRAZIL              ,0.051,-51.072,17.1,-3,,,
821130,BARCELOS                      ,BRAZIL              ,-0.981,-62.92,34.1,-4,,,
822810,MARECHAL CUNHA MACHADO INTL   ,BRAZIL              ,-2.585,-44.234,54.3,-3,,,
823320,PONTA PELADA                  ,BRAZIL              ,-3.146,-59.986,81.4,-4,,,
823980,PINTO MARTINS INTL            ,BRAZIL              ,-3.776,-38.533,25,-3,,,
824600,BACABAL                       ,BRAZIL              ,-4.25,-44.783,25,-3,,,
825330,MANICORE                      ,BRAZIL              ,-5.811,-61.278,53,-4,,,
825990,AUGUSTO SEVERO                ,BRAZIL              ,-5.911,-35.248,51.5,-3,,,
826100,EIRUNEPE                      ,BRAZIL              ,-6.667,-69.867,104,-5,,,
826400,JACAREACANGA                  ,BRAZIL              ,-6.233,-57.777,98.8,-4,,,
827040,CRUZEIRO DO SUL               ,BRAZIL              ,-7.6,-72.769,194.2,-5,,,
827840,BARBALHA                      ,BRAZIL              ,-7.317,-39.3,409,-3,,,
828240,GOVERNADOR JORGE TEIXEIRA DE O,BRAZIL              ,-8.709,-63.902,89.6,-4,,,
828990,GUARARAPES GILBERTO FREYRE INT,BRAZIL              ,-8.126,-34.924,10.1,-3,,,
829300,CACHIMBO                      ,BRAZIL              ,-9.334,-54.965,537.1,-4,,,
829650,ALTA FLORESTA                 ,BRAZIL              ,-9.866,-56.106,288.6,-4,,,
829830,PETROLINA                     ,BRAZIL              ,-9.383,-40.483,370,-3,,,
830640,PORTO NACIONAL                ,BRAZIL              ,-10.717,-48.583,239,-3,,,
832360,BARREIRAS                     ,BRAZIL              ,-12.15,-45,439,-3,,,
832480,DEPUTADO LUIS EDUARDO MAGALHAE,BRAZIL              ,-12.911,-38.331,19.5,-3,,,
833620,MARECHAL RONDON               ,BRAZIL              ,-15.653,-56.117,188.1,-4,,,
834370,MARIO RIBEIRO                 ,BRAZIL              ,-16.707,-43.819,667.8,-3,,,
834600,PORTO SEGURO                  ,BRAZIL              ,-16.439,-39.081,51.2,-3,,,
835660,BELO HORIZONTE (CONFINS) *    ,BRAZIL              ,-19.833,-43.917,827,-3,,,
836120,CAMPO GRANDE                  ,BRAZIL              ,-20.469,-54.673,558.7,-4,,,
837800,CONGONHAS                     ,BRAZIL              ,-23.627,-46.655,801.9,-3,,,
839670,CANOAS                        ,BRAZIL              ,-29.946,-51.144,7.9,-3,,,
357000,ATYRAU                        ,KAZAKHSTAN          ,47.117,51.917,-22,5,,,
380010,AKTAU                         ,KAZAKHSTAN          ,43.86,51.092,22.3,5,,,
403610,AL JOUF                       ,SAUDI ARABIA        ,29.785,40.1,689.2,3,,,
403940,HAIL                          ,SAUDI ARABIA        ,27.438,41.686,1015.3,3,,,
404300,PRINCE MOHAMMAD BIN ABDULAZIZ ,SAUDI ARABIA        ,24.553,39.705,655.6,3,,,
404380,RIYADH AB                     ,SAUDI ARABIA        ,24.71,46.725,634.6,3,,,
404540,OBAYLAH                       ,SAUDI ARABIA        ,22,49.917,150,3,,,
405820,KUWAIT INTL                   ,KUWAIT              ,29.227,47.969,62.8,3,,,
406420,RUTBAH                        ,IRAQ                ,33.033,40.283,615,3,,,
406500,BAGHDAD INTL AIRPORT          ,IRAQ                ,33.267,44.233,34.7,3,,,
407450,MASHHAD INTL                  ,IRAN                ,36.235,59.641,994.6,3.5,,,
407540,MEHRABAD INTL                 ,IRAN                ,35.689,51.313,1207.6,3.5,,,
407660,SHAHID ASHRAFI ESFAHANI       ,IRAN                ,34.346,47.158,1305.8,3.5,,,
408000,ESFAHAN SHAHID BEHESHTI INTL  ,IRAN                ,32.751,51.862,1545.9,3.5,,,
408110,AHWAZ                         ,IRAN                ,31.337,48.762,20.1,3.5,,,
408410,KERMAN                        ,IRAN                ,30.274,56.951,1748.3,3.5,,,
408480,SHIRAZ SHAHID DASTGHAIB INTL  ,IRAN                ,29.539,52.589,1499.6,3.5,,,
408750,BANDAR ABBASS INTL            ,IRAN                ,27.218,56.378,6.7,3.5,,,
408790,IRAN SHAHR                    ,IRAN                ,27.236,60.72,620.9,3.5,,,
411120,ABHA                          ,SAUDI ARABIA        ,18.24,42.657,2090.3,3,,,
413980,AL-GHAIDAH                    ,YEMEN               ,16.083,52.083,42,3,,,
414040,SANAA INTL                    ,YEMEN               ,15.476,44.22,2205.8,3,,,
414363,SAYUN                         ,YEMEN               ,15.967,48.783,656,3,,,
414800,ADEN                          ,YEMEN               ,12.833,45.033,3,3,,,
821070,SAO GABRIEL DA CACHOEIRA AERO ,BRAZIL              ,-0.117,-66.967,79,-4,,,
822440,SANTAREM                      ,BRAZIL              ,-2.422,-54.793,60.4,-3,,,
823170,TEFE                          ,BRAZIL              ,-3.383,-64.724,56.1,-4,,,
823366,TOCANTINS                     ,BRAZIL              ,-10.292,-48.357,235.9,-3,,,
823610,TUCURUI                       ,BRAZIL              ,-3.786,-49.72,253,-3,,,
825640,PREFEITO RENATO MOREIRA       ,BRAZIL              ,-5.531,-47.46,131.4,-3,,,
825790,SENADOR PETRONIO PORTELLA     ,BRAZIL              ,-5.06,-42.823,66.8,-3,,,
829170,PRESIDENTE MEDICI             ,BRAZIL              ,-9.869,-67.894,193.2,-5,,,
829930,ZUMBI DOS PALMARES            ,BRAZIL              ,-9.511,-35.792,118,-3,,,
830950,SANTA MARIA                   ,BRAZIL              ,-10.984,-37.07,7,-3,,,
832080,VILHENA                       ,BRAZIL              ,-12.694,-60.098,615.1,-4,,,
833780,PRESIDENTE JUSCELINO KUBITSCHE,BRAZIL              ,-15.863,-47.913,1060.4,-3,,,
837430,RIO DE JANEIRO                ,BRAZIL              ,-22.917,-43.167,5,-3,,,
837670,REGIONAL DE MARINGA SILVIO NAM,BRAZIL              ,-23.476,-52.016,545,-3,,,
119030,SLIAC                         ,SLOVAKIA            ,48.65,19.15,315,1,,,
123750,OKECIE                        ,POLAND              ,52.166,20.967,110.3,1,,,
150830,DEJ                           ,ROMANIA             ,47.133,23.9,236,2,,,
260380,TALLINN                       ,ESTONIA             ,59.413,24.833,39.9,2,,,
267020,KHRABROVO                     ,RUSSIA              ,54.89,20.593,13.1,2,,,
267300,VILNIUS INTL                  ,LITHUANIA           ,54.634,25.286,196.9,2,,,
268500,MINSK 1                       ,BELARUS             ,53.864,27.54,228,3,,,
333450,ZHULIANY INTL                 ,UKRAINE             ,50.402,30.451,178.6,2,,,
333930,LVIV INTL                     ,UKRAINE             ,49.813,23.956,326.4,2,,,
337910,KRYVYI RIH                    ,UKRAINE             ,48.033,33.217,124,2,,,
339830,KERCH                         ,UKRAINE             ,45.4,36.417,49,2,,,
344150,IZIUM                         ,UKRAINE             ,49.183,37.3,78,2,,,
171700,VAN                           ,TURKEY              ,38.468,43.332,1670.3,3,,,
176070,NICOSIA/ATHALASSA             ,CYPRUS              ,35.15,33.4,161,2,,,
373950,KUTAISI                       ,GEORGIA             ,42.267,42.633,114,4,,,
374840,BATUMI                        ,GEORGIA             ,41.61,41.6,32,4,,,
375490,TBILISI / LOCHINI AIRPORT     ,GEORGIA             ,41.75,44.767,427,4,,,
377350,GANDJA                        ,AZERBAIJAN          ,40.717,46.417,311,4,,,
377880,YEREVAN ZVARTNOTS             ,ARMENIA             ,40.15,44.383,854,4,,,
378640,HEYDAR ALIYEV                 ,AZERBAIJAN          ,40.468,50.047,3,4,,,
400070,ALEPPO INTL                   ,SYRIA               ,36.181,37.224,388.9,2,,,
400160,HASSAKAH                      ,SYRIA               ,36.5,40.75,308,2,,,
400610,PALMYRA                       ,SYRIA               ,34.557,38.317,402.9,2,,,
401550,HAIFA                         ,ISRAEL              ,32.809,35.043,8.5,2,,,
401830,JERUSALEM CENTER              ,ISRAEL              ,31.767,35.217,815,2,,,
401990,EILAT                         ,ISRAEL              ,29.561,34.96,12.8,2,,,
402960,GHOR SAFI                     ,JORDAN              ,31.033,35.467,-350,2,,,
403600,GURIAT                        ,SAUDI ARABIA        ,31.412,37.279,509.6,3,,,
403730,QAISUMAH                      ,SAUDI ARABIA        ,28.335,46.125,357.8,3,,,
403750,TABUK                         ,SAUDI ARABIA        ,28.365,36.619,777.5,3,,,
404000,WEJH                          ,SAUDI ARABIA        ,26.199,36.476,20.1,3,,,
404384,AL AHSA                       ,SAUDI ARABIA        ,25.333,49.583,158,3,,,
407060,TABRIZ INTL                   ,IRAN                ,38.134,46.235,1359.1,3.5,,,
408210,YAZD SHAHID SADOOGHI          ,IRAN                ,31.905,54.277,1235.7,3.5,,,
408560,ZAHEDAN INTL                  ,IRAN                ,29.476,60.907,1377.7,3.5,,,
411500,BAHRAIN INTL                  ,BAHRAIN             ,26.271,50.634,1.8,3,,,
411700,DOHA INTL                     ,QATAR               ,25.261,51.565,10.7,3,,,
411940,DUBAI INTL                    ,UNITED ARAB EMIRATES,25.255,55.364,10.4,4,,,
412160,BATEEN                        ,UNITED ARAB EMIRATES,24.428,54.458,4.9,4,,,
412265,BUHASA                        ,UNITED ARAB EMIRATES,23.617,53.383,94,4,,,
412520,IBRI                          ,OMAN                ,23.233,56.433,327,4,,,
412580,MINA SULTAN QABOOS            ,OMAN                ,23.633,58.567,3,4,,,
412750,QARN ALAM                     ,OMAN                ,21.383,57.05,133,4,,,
413010,HAIMA                         ,OMAN                ,20.05,56.383,146,4,,,
413160,SALALAH                       ,OMAN                ,17.039,54.091,22.3,4,,,
414940,SOCOTRA                       ,YEMEN               ,12.631,53.906,45.7,3,,,
289520,KOSTANAY                      ,KAZAKHSTAN          ,53.217,63.617,170,6,,,
351880,ASTANA INTL                   ,KAZAKHSTAN          ,51.022,71.467,355.1,6,,,
355320,MUGODZARSKAJA                 ,KAZAKHSTAN          ,48.633,58.5,398,5,,,
356710,ZHEZKAZGAN                    ,KAZAKHSTAN          ,47.8,67.717,346,6,,,
357960,BALHASH                       ,KAZAKHSTAN          ,46.8,75.083,350,6,,,
366390,URZHAR                        ,KAZAKHSTAN          ,47.117,81.617,491,6,,,
368700,ALMATY                        ,KAZAKHSTAN          ,43.233,76.933,851,6,,,
369820,TIAN-SHAN'                    ,KYRGYZSTAN          ,41.883,78.233,3639,6,,,
381410,JASLYK                        ,UZBEKISTAN          ,43.883,57.517,128,5,,,
381980,TURKESTAN                     ,KAZAKHSTAN          ,43.267,68.217,207,6,,,
383530,BISHKEK                       ,KYRGYZSTAN          ,42.85,74.533,760,6,,,
383880,EKEZHE                        ,TURKMENISTAN        ,41.033,57.767,62,5,,,
383960,URGENCH                       ,UZBEKISTAN          ,41.567,60.567,101,5,,,
384130,TAMDY-BULAK                   ,UZBEKISTAN          ,41.733,64.617,238,5,,,
384570,YUZHNY                        ,UZBEKISTAN          ,41.258,69.281,431.9,5,,,
384750,ANDIZHAN AIRPORT              ,UZBEKISTAN          ,40.733,72.333,477,5,,,
385070,TURKMENBASHI                  ,TURKMENISTAN        ,40.033,52.983,90,5,,,
388120,KARSHI                        ,UZBEKISTAN          ,38.8,65.717,376,5,,,
388360,DUSHANBE                      ,TAJIKISTAN          ,38.543,68.825,784.9,5,,,
388780,MURGAB                        ,TAJIKISTAN          ,38.167,73.967,3576,5,,,
388800,ASHGABAT                      ,TURKMENISTAN        ,37.987,58.361,210.9,5,,,
388950,BAJRAMALY                     ,TURKMENISTAN        ,37.6,62.183,240,5,,,
409110,MAZAR I SHARIF                ,AFGHANISTAN         ,36.707,67.21,391.4,4,,,
409380,HERAT                         ,AFGHANISTAN         ,34.21,62.228,977.2,4,,,
409480,KABUL INTL                    ,AFGHANISTAN         ,34.566,69.212,1791.3,4,,,
409900,KANDAHAR AIRPORT              ,AFGHANISTAN         ,31.5,65.85,1010,4,,,
415170,SKARDU                        ,PAKISTAN            ,35.336,75.536,2316.5,5,,,
415710,CHAKLALA                      ,PAKISTAN            ,33.617,73.099,508.4,5,,,
416600,QUETTA                        ,PAKISTAN            ,30.251,66.938,1600.2,5,,,
416750,MULTAN INTL                   ,PAKISTAN            ,30.203,71.419,121.9,5,,,
417180,KHANPUR                       ,PAKISTAN            ,28.65,70.683,88,5,,,
417640,HYDERABAD AIRPORT             ,PAKISTAN            ,25.383,68.417,41,5,,,
417800,JINNAH INTL                   ,PAKISTAN            ,24.907,67.161,30.5,5,,,
427053,LEH                           ,INDIA               ,34.136,77.547,3255.9,5,,,
203530,MYS ZHELANIYA                 ,RUSSIA       ,76.95,68.55,8,5,,,
206670,IM. M.V. POPOVA               ,RUSSIA       ,73.333,70.05,7,5,,,
206740,OSTROV DIKSON                 ,RUSSIA       ,73.5,80.4,47,7,,,
207440,MALYE KARMAKULY               ,RUSSIA       ,72.367,52.7,19,5,,,
230780,NORIL'SK                      ,RUSSIA       ,69.333,88.25,64,6,,,
232260,VORKUTA                       ,RUSSIA       ,67.483,64.017,172,5,,,
232420,NOVYJ PORT                    ,RUSSIA       ,67.683,72.883,12,5,,,
232560,TAZOVSKIJ                     ,RUSSIA       ,67.467,78.733,8,6,,,
235270,SARAN-PAUL'                   ,RUSSIA       ,64.283,60.883,29,4,,,
236620,TOL'KA                        ,RUSSIA       ,63.983,82.083,33,6,,,
236780,VERHNEIMBATSK                 ,RUSSIA       ,63.15,87.95,46,6,,,
237340,OKTJABR'SKOE                  ,RUSSIA       ,62.45,66.05,72,5,,,
238490,SURGUT                        ,RUSSIA       ,61.344,73.402,61,5,,,
283670,TYUMEN'                       ,RUSSIA       ,57.117,65.433,102,5,,,
286980,OMSK                          ,RUSSIA       ,54.967,73.311,94.8,6,,,
296120,BARABINSK                     ,RUSSIA       ,55.333,78.367,120,6,,,
296340,TOLMACHEVO                    ,RUSSIA       ,55.013,82.651,111.3,7,,,
360640,YAJLJU                        ,RUSSIA       ,51.767,87.6,480,7,,,
200460,POLARGMO IM. E.T. KRENKELJA   ,RUSSIA       ,80.617,58.05,22,4,,,
220120,TSYP-NAVOLOK                  ,RUSSIA       ,69.733,33.1,11,3,,,
221930,BUGRINO                       ,RUSSIA       ,68.783,49.3,7,3,,,
222170,KANDALAKSHA                   ,RUSSIA       ,67.15,32.35,25,3,,,
222490,KANEVKA                       ,RUSSIA       ,67.133,39.667,151,3,,,
222710,SHOJNA                        ,RUSSIA       ,67.883,44.15,18,3,,,
225500,TALAGI                        ,RUSSIA       ,64.6,40.717,18.9,3,,,
226210,SEGEZA                        ,RUSSIA       ,63.767,34.283,112,3,,,
228760,KRASNOBORSK                   ,RUSSIA       ,61.55,45.933,59.6,3,,,
232050,NAR'JAN-MAR                   ,RUSSIA       ,67.633,53.033,12,3,,,
232190,HOSEDA-HARD                   ,RUSSIA       ,67.033,59.4,83,3,,,
234050,UST'-CIL'MA                   ,RUSSIA       ,65.433,52.267,68,3,,,
236060,UHTA                          ,RUSSIA       ,63.55,53.817,137,3,,,
238040,SYKTYVKAR                     ,RUSSIA       ,61.647,50.845,98.8,3,,,
260630,PULKOVO                       ,RUSSIA       ,59.8,30.263,24.1,3,,,
264770,VELIKIE LUKI                  ,RUSSIA       ,56.35,30.62,106,3,,,
267810,SMOLENSK                      ,BELARUS      ,54.75,32.067,239,3,,,
270370,VOLOGDA                       ,RUSSIA       ,59.233,39.867,131,3,,,
274590,STRIGINO                      ,RUSSIA       ,56.23,43.784,78,3,,,
275950,KAZAN                         ,RUSSIA       ,55.606,49.279,126.2,3,,,
276120,MOSKVA (DOLGOPRUDNYJ)         ,RUSSIA       ,55.75,37.95,200,3,,,
282240,PERM'                         ,RUSSIA       ,58,56.333,170.9,4,,,
287190,AKSAKOVO                      ,RUSSIA       ,54.017,54.15,355.9,3,,,
341230,VORONEZ                       ,RUSSIA       ,51.7,39.217,149,3,,,
341710,SARATOVA                      ,RUSSIA       ,51.55,46.033,156,3,,,
345600,GUMRAK                        ,RUSSIA       ,48.783,44.346,146.9,3,,,
348800,ASTRAHAN'                     ,RUSSIA       ,46.283,47.983,-21,3,,,
349270,KRASNODAR-KRUGLIK             ,RUSSIA       ,45.05,39.033,29,3,,,
351210,ORENBURG                      ,RUSSIA       ,51.796,55.457,118,4,,,
374720,MAHACHKALA                    ,RUSSIA       ,43,47.5,-18.6,3,,,
208910,HATANGA                       ,RUSSIA       ,71.983,102.467,33,7,,,
215350,SANNIKOVA                     ,RUSSIA       ,74.667,138.9,14.6,10,,,
217210,IM YU A HABAROVA              ,RUSSIA       ,72.4,126.35,19.6,9,,,
218230,YAKUTSK                       ,RUSSIA       ,62.093,129.771,99.1,9,,,
219080,DZALINDA                      ,RUSSIA       ,70.133,113.967,62,9,,,
219820,OSTROV VRANGELYA              ,RUSSIA       ,70.983,178.65,4,12,,,
235890,TUTONCHANY                    ,RUSSIA       ,64.2,93.783,105,7,,,
243430,ZHIGANSK                      ,RUSSIA       ,66.767,123.4,92,9,,,
243610,EKYUCHCHYU                    ,RUSSIA       ,66.767,131.6,200.1,11,,,
243820,UST'-MOMA                     ,RUSSIA       ,66.45,143.233,196,12,,,
245070,TURA                          ,RUSSIA       ,64.267,100.233,168,7,,,
246880,OJMJAKON                      ,RUSSIA       ,63.25,143.15,741,12,,,
247250,TUOJ-HAYA                     ,RUSSIA       ,62.533,111.233,259.7,7,,,
251210,KOLYMSKAYA                    ,RUSSIA       ,68.733,158.717,12,11,,,
253350,BAIMKA                        ,RUSSIA       ,66.533,164.283,286.3,12,,,
253780,EGVEKINOT                     ,RUSSIA       ,66.35,-179.117,26,12,,,
253990,MYS UELEN                     ,RUSSIA       ,66.15,-169.833,3,12,,,
254280,OMOLON                        ,RUSSIA       ,65.233,160.533,264,12,,,
255030,KORKODON                      ,RUSSIA       ,64.75,153.967,98,11,,,
255510,MARKOVO                       ,RUSSIA       ,64.683,170.417,26,12,,,
255610,TANYURER                      ,RUSSIA       ,64.867,174.417,8,12,,,
255630,UGOLNY                        ,RUSSIA       ,64.735,177.741,59.1,12,,,
255950,CHAYBUKHA                     ,RUSSIA       ,61.95,160.417,1,12,,,
256480,SLAUTNOE                      ,RUSSIA       ,63.2,167.85,44,12,,,
259130,SOKOL                         ,RUSSIA       ,59.911,150.72,175,11,,,
259220,SHELIHOVA                     ,RUSSIA       ,60.717,155.883,33.3,11,,,
259410,CHEMURNAUT                    ,RUSSIA       ,60.733,163.017,14,12,,,
294770,SUHOBUZIMSKOE                 ,RUSSIA       ,56.5,93.283,164,7,,,
303090,BRATSK                        ,RUSSIA       ,56.371,101.698,490.7,8,,,
304330,NIZHNEANGARSK                 ,RUSSIA       ,55.783,109.55,487,8,,,
304930,NAGORNYJ                      ,RUSSIA       ,55.967,124.883,861,9,,,
307100,IRKUTSK                       ,RUSSIA       ,52.268,104.389,510.5,8,,,
307580,KADALA                        ,RUSSIA       ,52.026,113.306,692.5,9,,,
308230,MUKHINO                       ,RUSSIA       ,51.808,107.438,515.1,8,,,
315100,BLAGOVESCENSK                 ,RUSSIA       ,50.283,127.483,169.2,9,,,
315610,KOMSOMOLSK-NA-AMURE           ,RUSSIA       ,50.533,137.033,22,10,,,
318660,SOSUNOVO                      ,RUSSIA       ,46.533,138.333,4,10,,,
319600,VLADIVOSTOK                   ,RUSSIA       ,43.117,131.933,183,10,,,
320100,OHA                           ,RUSSIA       ,53.5,142.9,38,11,,,
320760,POGRANICHNOE                  ,RUSSIA       ,50.4,143.767,8,11,,,
321500,KHOMUTOVO                     ,RUSSIA       ,46.889,142.718,18,11,,,
323630,ESSO                          ,RUSSIA       ,55.933,158.667,481,12,,,
323890,KLJUCHI                       ,RUSSIA       ,56.317,160.833,29,12,,,
325830,PETROPAVLOVSK-KAMCHATSKIJ     ,RUSSIA       ,52.867,158.65,24,12,,,
710720,THUNDER BAY                   ,CANADA       ,48.367,-89.317,199,-5,,,
713950,HALIFAX INTL                  ,CANADA       ,44.881,-63.509,145.4,-4,,,
716270,MONTREAL/TRUDEAU INT          ,CANADA       ,45.467,-73.733,36,-5,,,
716280,OTTAWA MACDONALD CARTIER INTL ,CANADA       ,45.323,-75.669,114,-5,,,
717000,FREDERICTON                   ,CANADA       ,45.867,-66.533,20.7,-4,,,
717140,QUEBEC/JEAN LESAGE INTL  QUE  ,CANADA       ,46.783,-71.383,74,-5,,,
717300,SUDBURY                       ,CANADA       ,46.625,-80.799,347.8,-5,,,
717430,RIVIERE AUX FEUILLES          ,CANADA       ,57.92,-72.98,171,-5,,,
718010,ST JOHNS INTL                 ,CANADA       ,47.619,-52.752,140.5,-3,,,
718160,GOOSE BAY                     ,CANADA       ,53.317,-60.417,48.8,-4,,,
718250,WABUSH                        ,CANADA       ,52.922,-66.864,551.1,-4,,,
718460,LANSDOWNE HOUSE (AUT)  ONT    ,CANADA       ,52.183,-87.933,253,-6,,,
719060,KUUJJUAQ A                    ,CANADA       ,58.1,-68.417,39.3,-5,,,
719090,IQALUIT                       ,CANADA       ,63.756,-68.556,33.5,-5,,,
719104,SANIKILUAQ AIRPORT            ,CANADA       ,56.533,-79.25,32,-5,,,
011510,MOIRANA                       ,NORWAY       ,66.367,14.3,70,1,,,
013170,BERGEN/FLORIDA                ,NORWAY       ,60.383,5.333,36,1,,,
021240,ARJEPLOG                      ,SWEDEN       ,66.05,17.833,432,1,,,
022260,OSTERSUND                     ,SWEDEN       ,63.2,14.5,376,1,,,
022860,UMEA                          ,SWEDEN       ,63.792,20.283,7.3,1,,,
025130,GOTEBORG                      ,SWEDEN       ,57.717,12,2,1,,,
025900,VISBY                         ,SWEDEN       ,57.663,18.346,50,1,,,
028340,VIEREMA KAARAKKALA            ,FINLAND      ,63.833,27.217,207.6,2,,,
072220,NANTES ATLANTIQUE             ,FRANCE       ,47.153,-1.611,27.4,1,,,
105540,ERFURT                        ,GERMANY      ,50.98,10.958,315.8,1,,,
995740,ENVIRONM BUOY 62119           ,UNITED STATES,57,2,0,1,,,
600200,STA. CRUZ DE TENERIFE         ,SPAIN                           ,28.45,-16.25,36,0,,,
602300,MENARA                        ,MOROCCO                         ,31.607,-8.036,467.9,0,,,
606200,TOUAT CHEIKH SIDI MOHAMED BELK,ALGERIA                         ,27.838,-0.186,280.1,1,,,
606560,TINDOUF                       ,ALGERIA                         ,27.7,-8.167,442.9,1,,,
606700,TISKA                         ,ALGERIA                         ,24.293,9.452,968,1,,,
606920,IN GUEZZAM                    ,ALGERIA                         ,19.57,5.75,400,1,,,
607500,THYNA                         ,TUNISIA                         ,34.718,10.691,25.9,1,,,
610170,BILMA                         ,NIGER                           ,18.683,12.917,357,1,,,
610240,AGADEZ                        ,NIGER                           ,16.967,7.967,505.1,1,,,
610490,N'GUIGMI                      ,NIGER                           ,14.25,13.117,286,1,,,
610520,DIORI HAMANI                  ,NIGER                           ,13.482,2.184,223.1,1,,,
612020,TESSALIT                      ,MALI                            ,20.243,0.977,494.1,0,,,
612140,KIDAL                         ,MALI                            ,18.433,1.35,459,0,,,
612230,TOMBOUCTOU                    ,MALI                            ,16.73,-3.008,263,0,,,
612260,GAO                           ,MALI                            ,16.248,-0.005,265.2,0,,,
612910,SENOU                         ,MALI                            ,12.534,-7.95,380.1,0,,,
614040,ZOUERATE                      ,MAURITANIA                      ,22.75,-12.483,343,0,,,
614500,TIDJIKJA                      ,MAURITANIA                      ,18.57,-11.424,401.1,0,,,
622250,TRAGEN                        ,LIBYA                           ,25.933,14.45,421,2,,,
622590,TAZERBO                       ,LIBYA                           ,25.8,21.133,261,2,,,
623980,SOHAG INTL AIRPORT            ,EGYPT                           ,26.333,31.733,92.7,2,,,
624170,SIWA                          ,EGYPT                           ,29.2,25.483,-15,2,,,
624760,SHALATIN                      ,EGYPT                           ,23.133,35.583,21,2,,,
626410,PORT SUDAN                    ,SUDAN                           ,19.583,37.217,3,3,,,
626500,DONGOLA                       ,SUDAN                           ,19.154,30.43,235.6,3,,,
627210,KHARTOUM                      ,SUDAN                           ,15.589,32.553,385.6,3,,,
627900,NYALA                         ,SUDAN                           ,12.05,24.883,643,3,,,
628050,DAMAZIN                       ,SUDAN                           ,11.786,34.337,482.2,3,,,
628400,MALAKAL                       ,SOUTH SUDAN                     ,9.559,31.652,393.5,3,,,
628800,WAU                           ,SOUTH SUDAN                     ,7.7,28.017,438,3,,,
630210,ASMARA INTL                   ,ERITREA                         ,15.292,38.911,2335.1,3,,,
631700,EGAL INTL                     ,SOMALIA                         ,9.518,44.089,1348.1,3,,,
633300,MEKELE                        ,ETHIOPIA                        ,13.467,39.533,2254.3,3,,,
633320,BAHIR DAR                     ,ETHIOPIA                        ,11.608,37.322,1822.1,3,,,
633330,COMBOLCHA/DESSIE              ,ETHIOPIA                        ,11.083,39.717,1864,3,,,
634030,GORE                          ,ETHIOPIA                        ,8.167,35.55,1974,3,,,
634500,BOLE INTL                     ,ETHIOPIA                        ,8.978,38.799,2325.6,3,,,
634710,DIRE DAWA INTL                ,ETHIOPIA                        ,9.625,41.854,1158.8,3,,,
634780,GODE                          ,ETHIOPIA                        ,5.935,43.579,254.2,3,,,
635000,ARBA MINCH                    ,ETHIOPIA                        ,6.039,37.59,1189,3,,,
646590,OBO                           ,CENTRAL AFRICAN REPUBLIC        ,5.4,26.5,651,2,,,
647000,NDJAMENA HASSAN DJAMOUS       ,CHAD                            ,12.134,15.034,295,1,,,
647060,MOUNDOU                       ,CHAD                            ,8.624,16.071,428.9,1,,,
647500,SARH (CIV/MIL)                ,CHAD                            ,9.15,18.383,365,1,,,
647530,FAYA LARGEAU                  ,CHAD                            ,17.917,19.111,235,1,,,
647540,AM-TIMAN                      ,CHAD                            ,11.033,20.283,436,1,,,
647560,ABECHE                        ,CHAD                            ,13.847,20.844,545,1,,,
647570,FADA                          ,CHAD                            ,17.167,21.55,540,1,,,
655030,OUAGADOUGOU                   ,BURKINA FASO                    ,12.353,-1.512,316.1,0,,,
655100,BOBO DIOULASSO                ,BURKINA FASO                    ,11.16,-4.331,460.6,0,,,
655920,TABOU                         ,COTE D'IVOIRE                   ,4.417,-7.367,21,0,,,
085830,MINDELO                       ,CAPE VERDE                      ,16.833,-25.05,20,-1,,,
600150,TENERIFE NORTE                ,SPAIN                           ,28.483,-16.342,631.9,0,,,
646010,BOUAR                         ,CENTRAL AFRICAN REPUBLIC        ,5.967,15.633,1020,1,,,
646500,BANGUI M POKO                 ,CENTRAL AFRICAN REPUBLIC        ,4.398,18.519,368.2,1,,,
646580,BIRAO                         ,CENTRAL AFRICAN REPUBLIC        ,10.283,22.783,464,1,,,
646610,YALINGA                       ,CENTRAL AFRICAN REPUBLIC        ,6.5,23.267,602,1,,,
646620,ALINDAO                       ,CENTRAL AFRICAN REPUBLIC        ,5.05,21.2,449,1,,,
648510,SALAK                         ,CAMEROON                        ,10.451,14.257,424,1,,,
648700,NGAOUNDERE                    ,CAMEROON                        ,7.357,13.559,1114,1,,,
650100,SADIQ ABUBAKAR III INTL       ,NIGERIA                         ,12.916,5.207,307.8,1,,,
650460,MALLAM AMINU INTL             ,NIGERIA                         ,12.048,8.525,476.1,1,,,
650820,MAIDUGURI                     ,NIGERIA                         ,11.85,13.083,354,1,,,
651250,ABUJA                         ,NIGERIA                         ,9.25,7,344,1,,,
652020,OSHODI                        ,NIGERIA                         ,6.5,3.383,19,1,,,
652500,PORT HARCOURT INTL            ,NIGERIA                         ,5.015,6.95,26.5,1,,,
653300,PARAKOU                       ,BENIN                           ,9.35,2.617,393,1,,,
653870,GNASSINGBE EYADEMA INTL       ,TOGO                            ,6.166,1.255,21.9,0,,,
654180,TAMALE                        ,GHANA                           ,9.557,-0.863,168.6,0,,,
654420,KUMASI                        ,GHANA                           ,6.715,-1.591,287.1,0,,,
655360,KORHOGO                       ,COTE D'IVOIRE                   ,9.387,-5.557,370,0,,,
655630,YAMOUSSOUKRO                  ,COTE D'IVOIRE                   ,6.903,-5.366,213.1,0,,,
655780,ABIDJAN FELIX HOUPHOUET BOIGNY,COTE D'IVOIRE                   ,5.261,-3.926,6.4,0,,,
631600,BERBERA                       ,SOMALIA                         ,10.389,44.941,9.1,3,,,
636190,MOYALE LOWER (ODA)            ,KENYA                           ,3.533,39.05,1097,3,,,
600340,DAKHLA                        ,WESTERN SAHARA                  ,23.718,-15.932,6.1,0,,,
601150,ANGADS                        ,MOROCCO                         ,34.787,-1.924,467.9,0,,,
601350,SALE                          ,MOROCCO                         ,34.051,-6.752,84.1,0,塞拉,,
602650,OUARZAZATE                    ,MOROCCO                         ,30.939,-6.909,1153.1,0,,,
602800,GUELMIN                       ,MOROCCO                         ,29.017,-10.067,341,0,盖勒敏,,
603900,HOUARI BOUMEDIENE             ,ALGERIA                         ,36.691,3.215,25,1,,,
605710,BECHAR                        ,ALGERIA                         ,31.646,-2.27,811.1,1,,,
607150,CARTHAGE                      ,TUNISIA                         ,36.851,10.227,6.7,1,,,
612650,AMBODEDJO                     ,MALI                            ,14.513,-4.08,276.1,0,,,
614010,BIR MOGHREIN                  ,MAURITANIA                      ,25.237,-11.589,363.9,0,,,
614420,NOUAKCHOTT                    ,MAURITANIA                      ,18.098,-15.948,2.1,0,,,
614970,NEMA                          ,MAURITANIA                      ,16.622,-7.317,231,0,,,
616410,LEOPOLD SEDAR SENGHOR INTL    ,SENEGAL                         ,14.74,-17.49,25.9,0,,,
617070,JENOI                         ,GAMBIA  THE                     ,13.483,-15.567,11,0,,,
617330,FATOTO                        ,GAMBIA  THE                     ,13.883,-13.4,17.5,0,,,
617660,BISSAU OSWALDO VIEIRA INTL    ,GUINEA-BISSAU                   ,11.895,-15.654,39.3,0,,,
618090,LABE                          ,GUINEA                          ,11.326,-12.287,1035.1,0,,,
618290,KANKAN                        ,GUINEA                          ,10.383,-9.3,384,0,,,
618490,N'ZEREKORE/KONIA              ,GUINEA                          ,7.733,-8.833,470,0,,,
618560,FREETOWN LUNGI                ,SIERRA LEONE                    ,8.616,-13.195,25.6,0,,,
620160,MISURATA                      ,LIBYA                           ,32.417,15.05,32,2,,,
621030,GHADAMES EAST                 ,LIBYA                           ,30.152,9.715,342,2,,,
621610,JALO                          ,LIBYA                           ,29.033,21.567,60,2,,,
622710,KUFRA                         ,LIBYA                           ,24.179,23.314,416.7,2,,,
623050,SALLUM PLATEAU                ,EGYPT                           ,31.567,25.133,6,2,,,
623180,ALEXANDRIA INTL               ,EGYPT                           ,31.184,29.949,-1.8,2,,,
623660,CAIRO INTL                    ,EGYPT                           ,30.122,31.406,116.4,2,CAIRO,开罗,
624140,ASWAN INTL                    ,EGYPT                           ,23.964,32.82,201.8,2,ASWAN,阿斯旺,
624200,BAHARIA                       ,EGYPT                           ,28.333,28.867,130,2,,,
624320,DAKHLA                        ,EGYPT                           ,25.5,28.967,117,2,,,
624520,NEKHEL                        ,EGYPT                           ,29.917,33.733,403,2,,,
626000,HALFA (WADI)                  ,SUDAN                           ,21.817,31.483,183,3,,,
656600,MONROVIA ROBERTS INTL         ,LIBERIA                         ,6.234,-10.362,9.4,2,,,
619310,SAO TOME INTL                 ,SAO TOME AND PRINCIPE           ,0.378,6.712,10.1,0,,,
629410,JUBA                          ,SOUTH SUDAN                     ,4.872,31.601,468.8,3,,,
632000,ALULA                         ,SOMALIA                         ,11.95,50.733,2,3,,,
632300,GALCAYO                       ,SOMALIA                         ,6.85,47.267,302,3,,,
632600,MOGADISHU                     ,SOMALIA                         ,2.033,45.35,9,3,,,
636120,LODWAR                        ,KENYA                           ,3.122,35.609,522.7,3,,,
636240,MANDERA                       ,KENYA                           ,3.933,41.867,231,3,,,
636710,WAJIR                         ,KENYA                           ,1.733,40.092,234.7,3,,,
636950,MERU                          ,KENYA                           ,0.083,37.65,1554,3,,,
637050,ENTEBBE INTL                  ,UGANDA                          ,0.042,32.444,1152.8,3,,,
637080,KISUMU                        ,KENYA                           ,-0.086,34.729,1208.5,3,,,
637230,GARISSA                       ,KENYA                           ,-0.464,39.648,148,3,,,
637400,NAIROBI JKIA                  ,KENYA                           ,-1.319,36.928,1623.7,3,,,
637660,MAKINDU                       ,KENYA                           ,-2.283,37.833,1000,3,,,
637720,LAMU MANDA                    ,KENYA                           ,-2.252,40.913,6.1,3,,,
637930,VOI                           ,KENYA                           ,-3.4,38.567,579,3,,,
638200,MOMBASA MOI INTL              ,KENYA                           ,-4.035,39.594,61,3,,,
638320,TABORA AIRPORT                ,TANZANIA                        ,-5.083,32.833,1190,3,,,
638620,DODOMA                        ,TANZANIA                        ,-6.17,35.753,1119.5,3,,,
638810,SUMBAWANGA                    ,TANZANIA                        ,-7.967,31.63,1923,3,,,
638940,MWALIMU JULIUS K NYERERE INTL ,TANZANIA                        ,-6.878,39.203,55.5,3,,,
639003,SHINYANGA                     ,TANZANIA                        ,-3.5,33,1100,3,,,
639620,SONGEA                        ,TANZANIA                        ,-10.683,35.583,1067,3,,,
639710,MTWARA                        ,TANZANIA                        ,-10.339,40.182,113.1,3,,,
640050,MBANDAKA                      ,ZAIRE                           ,0.023,18.289,317,2,,,
640060,GEMENA                        ,ZAIRE                           ,3.235,19.771,420,2,,,
640085,BANGOKA INTL                  ,ZAIRE                           ,0.482,25.338,431.9,2,,,
640620,ISIRO                         ,ZAIRE                           ,2.767,27.65,806,2,,,
642470,MBUJI-MAYI                    ,ZAIRE                           ,-6.167,23.617,633,2,,,
643150,KAMINA BASE                   ,ZAIRE                           ,-8.642,25.253,1079.9,2,,,
643600,LUBUMBASHI INTL               ,ZAIRE                           ,-11.591,27.531,1309.1,2,,,
643800,KAMEMBE                       ,RWANDA                          ,-2.467,28.917,1587.4,2,,,
643870,KIGALI INTL                   ,RWANDA                          ,-1.969,30.139,1481,2,,,
643900,BUJUMBURA INTL                ,BURUNDI                         ,-3.324,29.319,787,2,,,
644000,POINTE NOIRE                  ,CONGO                           ,-4.816,11.887,16.8,1,,,
644030,MAKABANA                      ,CONGO                           ,-3.483,12.617,161,1,,,
644500,MAYA MAYA                     ,CONGO                           ,-4.252,15.253,319.4,1,,,
644540,GAMBOMA                       ,CONGO                           ,-1.867,15.867,377,1,,,
644560,MAKOUA                        ,CONGO                           ,-0.017,15.65,380,1,,,
644580,OUESSO                        ,CONGO                           ,1.616,16.038,353,1,,,
644590,IMPFONDO                      ,CONGO                           ,1.617,18.067,326,1,,,
644600,SOUANKE                       ,CONGO                           ,2.067,14.133,550,1,,,
645000,LEON M BA                     ,GABON                           ,0.459,9.412,11.9,1,,,
645700,FRANCEVILLE MVENGUE           ,GABON                           ,-1.667,13.4,444,1,,,
646000,BERBERATI                     ,CENTRAL AFRICAN REPUBLIC        ,4.222,15.786,588,1,,,
648100,MALABO                        ,EQUATORIAL GUINEA               ,3.755,8.709,23.2,1,,,
648200,BATA (RIO MUNI)               ,EQUATORIAL GUINEA               ,1.9,9.8,8,1,,,
649500,YAOUNDE NSIMALEN              ,CAMEROON                        ,3.723,11.553,694.3,1,,,
670020,PRINCE SAID IBRAHIM           ,COMOROS                         ,-11.534,43.272,28.3,3,,,
672370,NAMPULA                       ,MOZAMBIQUE                      ,-15.106,39.282,440.1,2,,,
672500,SONGO                         ,MOZAMBIQUE                      ,-15.6,32.767,882,2,,,
672830,QUELIMANE                     ,MOZAMBIQUE                      ,-17.856,36.869,11,2,,,
674230,KARONGA                       ,MALAWI                          ,-9.954,33.893,538,2,,,
674850,MZIMBA                        ,MALAWI                          ,-11.883,33.617,1351,2,,,
675860,LILONGWE INTL                 ,MALAWI                          ,-13.789,33.781,1261,2,,,
676930,CHILEKA INTL                  ,MALAWI                          ,-15.679,34.974,778.8,2,,,
619720,ILE EUROPA                    ,EUROPA ISLAND                   ,-22.333,40.333,6,3,,,
661600,LUANDA 4 DE FEVEREIRO         ,ANGOLA                          ,-8.858,13.231,74.1,1,,,
662850,LUENA                         ,ANGOLA                          ,-11.768,19.898,1328.9,1,,,
663180,HUAMBO                        ,ANGOLA                          ,-12.809,15.761,1702.9,1,,,
664470,MAVINGA                       ,ANGOLA                          ,-15.833,20.35,1088,1,,,
664600,PEREIRA DE ECA                ,ANGOLA                          ,-17.083,15.733,1109,1,,,
670050,DZAOUDZI PAMANDZI             ,MAYOTTE                         ,-12.805,45.281,7,3,,,
670090,ARRACHART                     ,MADAGASCAR                      ,-12.349,49.292,114,3,,,
670270,PHILIBERT TSIRANANA           ,MADAGASCAR                      ,-15.667,46.352,26.5,3,,,
670850,ANTANANARIVO / VILLE          ,MADAGASCAR                      ,-18.867,47.5,1310,3,,,
670950,TOAMASINA                     ,MADAGASCAR                      ,-18.11,49.393,6.7,3,,,
671170,MORONDAVA                     ,MADAGASCAR                      ,-20.285,44.318,9.1,3,,,
671370,FIANARANTSOA                  ,MADAGASCAR                      ,-21.442,47.112,1115,3,,,
671610,TOLIARA                       ,MADAGASCAR                      ,-23.383,43.728,8.8,3,,,
671970,TOLAGNARO                     ,MADAGASCAR                      ,-25.038,46.956,8.8,3,,,
672970,BEIRA                         ,MOZAMBIQUE                      ,-19.796,34.908,10.1,2,,,
673410,MAPUTO                        ,MOZAMBIQUE                      ,-25.921,32.573,44.2,2,,,
674750,KASAMA                        ,ZAMBIA                          ,-10.217,31.133,1384,2,,,
676330,MONGU                         ,ZAMBIA                          ,-15.255,23.162,1063.1,2,,,
676650,LUSAKA INTL                   ,ZAMBIA                          ,-15.333,28.45,1151.8,2,,,
677750,HARARE INTL                   ,ZIMBABWE                        ,-17.932,31.093,1489.6,2,,,
679510,PLUMTREE                      ,ZIMBABWE                        ,-20.483,27.8,1390,2,,,
679770,BUFFALO RANGE                 ,ZIMBABWE                        ,-21.008,31.579,433.1,2,,,
680040,OTJIWARONGO                   ,NAMIBIA                         ,-20.43,16.67,1475,1,,,
680320,MAUN                          ,BOTSWANA                        ,-19.973,23.431,942.7,2,,,
681100,WINDHOEK/EROS(SAAF)           ,NAMIBIA                         ,-22.567,17.1,1725,1,,,
681820,LEVUBU                        ,SOUTH AFRICA                    ,-23.083,30.283,706,2,,,
682440,GABORONE                      ,BOTSWANA                        ,-24.667,25.917,1000,2,,哈博罗内,
683000,LUDERITZ (DIAZ POINT)         ,NAMIBIA                         ,-26.683,15.25,139,1,,科尔芒斯科普,
683120,KEETMANSHOOP                  ,NAMIBIA                         ,-26.54,18.111,1068.6,1,,基特曼斯胡普,
683220,TWEE RIVIEREN                 ,SOUTH AFRICA                    ,-26.467,20.617,879,2,,哈拉哈迪跨国公园野营地,
683680,JOHANNESBURG INTL             ,SOUTH AFRICA                    ,-26.139,28.246,1694.1,2,JOHANNESBURG,约翰内斯堡,
684080,PORT NOLLOTH                  ,SOUTH AFRICA                    ,-29.233,16.867,10,2,,诺洛斯港,
684160,POFADDER                      ,SOUTH AFRICA                    ,-29.133,19.383,990,2,POFADDER                      ,波法德尔,
684240,UPINGTON                      ,SOUTH AFRICA                    ,-28.399,21.26,850.7,2,,伯尔特方丹,
684420,BLOEMFONTEIN INTL             ,SOUTH AFRICA                    ,-29.093,26.302,1358.8,2,,布隆方丹,
684540,MEJAMETALANA                  ,LESOTHO                         ,-29.304,27.503,1556,2,MASERU,马塞卢,
684560,QACHA'S NEK                   ,LESOTHO                         ,-30.067,28.7,1970,2,,,
685880,DURBAN INTL                   ,SOUTH AFRICA                    ,-29.97,30.951,10.1,2,DURBAN,德班,
687270,BEAUFORT WEST                 ,SOUTH AFRICA                    ,-32.35,22.55,899,2,,博福特西,
688170,CAPE TOWN - PORTNET           ,SOUTH AFRICA                    ,-33.9,18.433,2,2,CAPE TOWN,开普敦,
688420,PORT ELIZABETH INTL           ,SOUTH AFRICA                    ,-33.985,25.617,68.9,2,PORT ELIZABETH,伊丽莎白港,
689200,CAPE AGULHAS                  ,SOUTH AFRICA                    ,-34.833,20.017,14,2,AGULHAS,阿古拉斯,
531490,MANDAL                        ,CHINA        ,42.5333333,110.1333333,1223,8,MANDULA,满都拉,
535430,DONGSHENG                     ,CHINA        ,39.8333333,109.9833333,1459,8,EERDUOSI,鄂尔多斯,
723840,MEADOWS FIELD AIRPORT         ,UNITED STATES,35.4344,-119.0542,149.05,-8,BAKERSFIELD,贝克斯菲尔德,
723860,MCCARRAN INTERNATIONAL AIRPORT,UNITED STATES,36.0719,-115.1634,664.46,-8,LAS VEGAS,,
979000,SAUMLAKI,INDONESIA              ,-7.9833333,131.3,24,9,萨温拉基,,
,,,,,,,,,
,,,,,,,,,
,,,,,,,,,
,,,,,,,,,
